designation,ra,dec,w1mpro,w2mpro,w3mpro,w4mpro,w1sigmpro,w2sigmpro,w3sigmpro,w4sigmpro,w1snr,w2snr,w3snr,w4snr,w1_w2_color,T_eff_K,pmra_value,pmdec_value,pm_total,pm_angle,pm_class,n_epochs,baseline_years,rms_w1,rms_w2,chi2_w1,chi2_w2,trend_w1,trend_w2,is_variable,is_fading,variability_flag,variability_score,ps1_detected,rosat_detected,detection_count,detection_fraction,mag_mean,mag_std,mag_min,mag_max,mag_range,color_mean,color_std,if_score,xgb_score,lgb_score,ml_ensemble_score,improved_composite_score,rank,p_false_positive_proxy,golden_flag,neowise_parallax_mas,neowise_parallax_err_mas,parallax_snr,distance_pc,distance_err_pc
J161308.63-513447.6,243.2859947,-51.5799066,11.97,8.416,5.568,3.959,0.096,0.024,0.029,0.047,11.3,44.6,37.5,23.0,3.554,309.8360167545899,-548.0,-396.0,676.1065004864248,-125.85291961512485,VERY_HIGH,302,9.204925810006417,0.025044336360703,0.0319755905622832,1.95420786221492,1.8098234325995264,0.0011048479976661,0.0016323014920862,False,False,NORMAL,2.064692661981532,False,False,0,0.0,11.97,0.025044336360703,11.919911327278594,12.020088672721409,0.1001773454428125,3.554,0.0543830065532787,1.0,1.0,0.935062693120918,0.978354231040306,0.9274497784177111,1,0.0021645768959693,TOP_ML,,,,,
J043338.57-731619.4,68.4107443,-73.2720817,14.103,10.432,5.502,3.798,0.025,0.021,0.015,0.021,43.8,52.9,73.8,52.7,3.6709995,277.6539536403536,296.0,69.0,303.9358484943821,76.87821645866651,VERY_HIGH,340,7.934684616273669,0.0323228512759773,0.057991997508665,0.7544529949969766,0.8038458753579748,0.0085656726454543,0.0041489846173058,False,False,NORMAL,1.6110202595424157,False,False,0,0.0,14.103,0.0323228512759773,14.038354297448045,14.167645702551956,0.1292914051039098,3.6709995,0.027545559568754,0.9785129666679904,0.9971103025644332,0.9626612597983576,0.9794281763435938,0.8464914341324602,2,0.0020571823656406,TOP_ML,75.12080560667499,2.221313410998472,33.81819298201081,13.311891318576905,0.3936310649613363
J054235.56-713535.8,85.6482028,-71.5932884,13.004,9.864,5.735,4.275,0.025,0.02,0.012,0.017,44.3,55.3,87.9,62.6,3.1399994,324.14534597832017,420.0,334.0,536.6153184544772,51.5069426706625,VERY_HIGH,332,8.335939392709834,0.0250852244257602,0.0569920419404205,5.592173500695618,5.13836127439215,-0.0091572938292717,0.003445136805313,True,False,VARIABLE,6.507902883622795,False,False,0,0.0,13.004,0.0250852244257602,12.95382955114848,13.05417044885152,0.1003408977030417,3.1399994,0.0457202231154898,0.8376084350608837,0.797171514728962,0.7350534879193601,0.7899444792364019,0.7529512492645158,3,0.0210055520763598,TOP_ML,33.24106292014018,2.268107096435416,14.65586125645576,30.083273883342564,2.0526445602158785
J173438.58-311045.3,263.6607884,-31.1792752,10.735,8.838,5.848,4.002,0.096,0.03,0.017,0.034,11.3,36.1,64.6,32.2,1.8969994,261.41909601270174,253.0,746.0,787.7340921910134,18.73396061402733,VERY_HIGH,402,7.781024303484277,0.0826482260786327,0.0444818496362083,0.5301172501531674,0.5384912562807708,-0.0030708335002171,0.0081524981407114,False,False,NORMAL,0.83720060017488,False,False,0,0.0,10.735,0.0826482260786327,10.569703547842732,10.900296452157264,0.3305929043145319,1.8969994,0.0549876736742151,0.528817469017646,0.4076787919938618,0.3682645331227261,0.4349202647114114,0.5303395809892594,5,0.0565079735288588,TOP_ML,,,,,
J055348.26-573136.0,88.4510918,-57.5266895,13.95,11.13,8.062,6.488,0.025,0.021,0.019,0.054,43.9,52.7,57.0,20.3,2.8199997,314.12869994433674,122.0,356.0,376.3243282064023,18.916414628760364,VERY_HIGH,304,8.218685672000918,0.0577063475945767,0.0261418080947869,2.388891800745629,2.366006601618539,0.0023458782605235,-0.0021556401747386,False,False,NORMAL,2.623479626797982,False,False,0,0.0,13.95,0.0577063475945767,13.834587304810846,14.065412695189153,0.2308253903783068,2.8199997,0.063496389843332,0.5572561479045142,0.5200944632617959,0.5034774088618738,0.5269426733427279,0.5057849178786412,6,0.0473057326657272,TOP_ML,23.76085161112955,4.024058632207685,5.904698162435529,42.08603363069703,7.12755037987203
J044024.40-731441.6,70.1016701,-73.2448907,10.787,8.605,5.619,4.389,0.023,0.019,0.014,0.022,48.1,55.8,77.6,48.8,2.1820002,465.84525315486167,164.0,22.0,165.46903033498444,82.35959323897325,HIGH,380,9.3,0.09,0.08,13.056284027324844,16.8509876190667,0.03,0.025,True,True,FADING,16.056284027324843,False,False,0,0.0,10.787,0.09,10.607,10.967,0.3599999999999994,2.1820002,0.0815490655952694,0.6267994468854061,0.5106827445079284,0.463627338315779,0.5337031765697045,0.4799521406340844,7,0.0466296823430295,TOP_ML,32.756129120619505,1.4070859534311193,23.279408795706527,30.52863774952317,1.311400904440221
J054854.58-722401.3,87.2274253,-72.4003719,11.31,9.226,6.277,5.045,0.023,0.02,0.015,0.026,46.9,54.6,72.0,41.2,2.0840006,471.45323126392105,172.0,221.0,280.04463929880893,37.89292783451186,HIGH,361,8.679293174000282,0.0212827569764112,0.049959965824909,3.626452029572525,3.7945209471471104,0.0115096058236779,-0.0067057492491011,True,False,VARIABLE,4.777412611940318,False,False,0,0.0,11.31,0.0212827569764112,11.267434486047176,11.352565513952824,0.0851310279056463,2.0840006,0.0537321824631271,0.5380822811881482,0.4326670638065015,0.4192312358052574,0.4633268602666356,0.4437819527153623,9,0.0536673139733364,TOP_ML,,,,,
J193555.86-502607.4,293.9827541,-50.4353902,16.246,13.618,9.098,7.193,0.081,0.033,0.033,0.091,13.4,32.6,32.9,11.9,2.6280003,251.5784522814953,-502.0,-571.0,760.2927067912726,-138.67937824863745,VERY_HIGH,415,9.47283867690103,0.0449486369721367,0.0538028798342222,1.8353532056395,1.5162633523492826,0.0005616402484541,-0.0048048556886557,False,False,NORMAL,1.8915172304849148,False,False,0,0.0,16.246,0.0449486369721367,16.156102726055725,16.335897273944273,0.1797945478885481,2.6280003,0.0438444353009399,0.3647991117394826,0.3432208293186189,0.3119145076573383,0.3399781495718133,0.4348706620901311,10,0.0660021850428186,TOP_ML,,,,,
J183821.26+652746.7,279.5886175,65.462999,13.905,11.613,7.516,5.871,0.023,0.02,0.015,0.029,46.4,54.6,74.0,37.3,2.2919998,288.52525758474764,336.0,-227.0,405.493526458808,124.04277306768276,VERY_HIGH,428,8.255346887476092,0.0642800098818418,0.0009582440095499,4.255649353426052,4.660844395761471,-0.000751968932381,0.0056890148383906,True,False,VARIABLE,4.330846246664156,False,False,0,0.0,13.905,0.0642800098818418,13.776439980236317,14.033560019763684,0.2571200395273685,2.2919998,0.031626961070316,0.4407933175657154,0.3765247774984103,0.3556616414790137,0.3909932455143798,0.4069815655530872,11,0.060900675448562,TOP_ML,,,0.0,,
J053400.20-355942.2,83.5008423,-35.9950702,15.104,12.641,7.977,6.239,0.034,0.024,0.018,0.053,32.3,45.3,61.6,20.6,2.4630003,273.05199672671057,135.0,320.0,347.3110997362451,22.87366519062672,VERY_HIGH,361,7.752419894985146,0.043309975283181,0.0446409987471527,5.111301521314204,4.158444469846601,-0.0033483627441501,0.0031875810218819,True,False,VARIABLE,5.446137795729223,False,False,0,0.0,15.104,0.043309975283181,15.017380049433635,15.19061995056636,0.1732399011327245,2.4630003,0.0601454806221459,0.4254938844186645,0.3790229784974313,0.3593114653107952,0.3879427760756304,0.3900060535941154,12,0.0612057223924369,TOP_ML,63.02870599022987,10.7518680800788,5.862116752251665,15.865786617212336,2.7064944776335644
J233511.78+110741.9,353.7990993,11.12833,14.556,12.226,7.974,6.155,0.031,0.024,0.021,0.053,34.8,44.6,51.1,20.6,2.33,262.4565397530719,150.0,-389.0,416.9184572551328,158.91315561367418,VERY_HIGH,335,10.19164727385998,0.0626783804463602,0.0370588523699572,0.7604475054337371,0.757230801426759,-0.0003704739020988,-0.0001895946852656,False,False,NORMAL,0.7974948956436246,False,False,0,0.0,14.556,0.0626783804463602,14.430643239107278,14.68135676089272,0.2507135217854426,2.33,0.0393826245415935,0.4021301265438152,0.3493313066430599,0.3315711125139329,0.361010848566936,0.3836326149299764,13,0.0638989151433064,TOP_ML,64.76460924805801,12.685142849338485,5.105548279374355,15.440531667069164,3.02426513709538
J002657.56-234837.1,6.7398731,-23.8103328,15.468,13.053,8.725,6.901,0.039,0.027,0.027,0.087,27.6,40.4,40.8,12.5,2.415,261.7265803570078,-217.0,-295.0,366.2157833846051,-143.66205225322557,VERY_HIGH,383,7.515184751538656,0.0924431239402526,0.0571531924640403,6.58978963292688,7.544103596193577,0.0049286302316777,-0.0046711282466392,True,False,VARIABLE,7.082652656094652,False,False,0,0.0,15.468,0.0924431239402526,15.283113752119494,15.652886247880506,0.369772495761012,2.415,0.0741301793301671,0.3498024942482511,0.3145963188964752,0.2982532586879773,0.3208840239442346,0.3385593044391075,14,0.0679115976055765,TOP_ML,37.28020485012553,17.550271267478852,2.124195363248134,26.82388694000518,12.62778716313006
J045820.72-424342.7,74.5863376,-42.7285452,15.487,13.113,8.53,6.764,0.034,0.025,0.021,0.055,31.6,42.7,51.8,19.7,2.3740005,269.22518857796734,259.0,93.0,275.1908428709066,70.24813877128473,HIGH,484,7.984886142283841,0.0405010937767808,0.0110383131700535,13.487381722825996,14.55245472449818,-0.0018329912304842,-0.0023082885087221,True,False,VARIABLE,13.670680845874422,False,False,0,0.0,15.487,0.0405010937767808,15.405997812446438,15.568002187553562,0.1620043751071236,2.3740005,0.071333493791783,0.3505837893589817,0.3120740574400625,0.2995917363959564,0.3207498610650002,0.3197278500969502,15,0.0679250138934999,TOP_ML,33.04751642976437,11.66747733021806,2.8324474515303586,30.25945995443537,10.683149633750954
J203552.30+395036.6,308.9679316,39.843527,10.056,8.551,6.064,4.048,0.023,0.021,0.023,0.082,47.5,52.0,46.5,13.2,1.5050001,241.20082987291363,10.0,-174.0,174.28711943227475,176.71075732150817,HIGH,499,8.295607103045176,0.0411991102660603,0.0419535219709766,0.9094827238004284,0.8435461368742878,0.0026525057380526,0.0074831676841034,False,False,NORMAL,1.174733297605692,False,False,0,0.0,10.056,0.0411991102660603,9.97360177946788,10.13839822053212,0.1647964410642401,1.5050001,0.0480940893522609,0.4180355690790162,0.2925949040263703,0.2749491864143371,0.3285265531732412,0.3169250375169338,16,0.0671473446826758,TOP_ML,,,,,
J070309.70-333124.8,105.7904267,-33.5235725,13.88,11.932,8.47,6.683,0.026,0.021,0.021,0.089,42.0,51.8,51.9,12.2,1.948,268.3321504387535,323.0,460.0,562.0756176885811,35.075529510526486,VERY_HIGH,334,8.462340194915207,0.0614178102138633,0.0356463759354555,12.699034981791678,13.858145780784117,-0.0035580743904444,-0.0010818273031193,True,False,VARIABLE,13.054842420836124,False,False,0,0.0,13.88,0.0614178102138633,13.757164379572274,14.002835620427728,0.2456712408554544,1.948,0.0333528885379154,0.2750065310354359,0.2229224426075367,0.2053807804620258,0.2344365847016661,0.3124146094357855,17,0.0765563415298333,TOP_ML,84.97608990632169,8.95392022586545,9.490378265918515,11.768016169047174,1.2399944279679582
J114337.02-323258.3,175.904285,-32.549528,15.059,12.803,8.539,6.738,0.033,0.025,0.023,0.074,32.7,42.8,47.0,14.6,2.2559996,264.8292253013844,331.0,119.0,351.7413822682796,70.2256456981242,VERY_HIGH,365,10.161259272795352,0.0600997455796091,0.0448993314221744,6.8863562347320535,6.006487449288245,0.0103372105001993,-0.0021192167116611,True,False,VARIABLE,7.920077284751992,False,False,0,0.0,15.059,0.0600997455796091,14.938800508840782,15.179199491159215,0.2403989823184353,2.2559996,0.0618130966138461,0.3274076046933321,0.2849368088746014,0.2567742399430227,0.2897062178369853,0.3123670973876122,18,0.0710293782163014,TOP_ML,33.67467067762175,13.855822427133448,2.430362459876625,29.69591030520582,12.218716671057086
J122218.60+095254.8,185.5775167,9.8819104,12.81,10.954,7.298,5.113,0.024,0.021,0.015,0.03,45.5,51.2,70.2,35.7,1.856,223.06906096870856,207.0,212.0,296.29883563726673,44.31631193205965,HIGH,459,8.085728963394134,0.0513960416998003,0.0837960586643534,5.51676970416967,6.485663855063849,-0.0153944040422761,0.0059143449831193,True,False,VARIABLE,7.0562101083972895,False,False,0,0.0,12.81,0.0513960416998003,12.7072079166004,12.9127920833996,0.205584166799202,1.856,0.0739009325784968,0.3586120550395089,0.2782548954663845,0.2513083058624106,0.2960584187894347,0.3109030776557625,19,0.0703941581210565,TOP_ML,,,,,
J132546.84+672327.6,201.4451896,67.3910233,15.191,13.022,8.479,6.601,0.031,0.025,0.023,0.053,34.7,43.4,47.6,20.5,2.1689997,254.792251483758,428.0,82.0,435.7843503385591,79.15419960183733,VERY_HIGH,312,10.201254171489992,0.0094971482668478,0.0234900560641497,10.288391838920289,9.141069237499794,-0.0081430777278564,0.0034416534611358,True,False,VARIABLE,11.102699611705935,False,False,0,0.0,15.191,0.0094971482668478,15.172005703466304,15.209994296533695,0.0379885930673928,2.1689997,0.0402112111496355,0.3022159414051729,0.2590576425834554,0.2348152599122572,0.2653629479669618,0.3101797603307147,20,0.0734637052033038,TOP_ML,60.37638212309585,9.636699498145893,6.26525524996523,16.562767837946833,2.643590273203753
J000300.44-221910.2,0.7518643,-22.3195223,13.456,11.539,7.821,5.951,0.026,0.021,0.019,0.053,42.4,51.4,55.7,20.4,1.9170008,256.55882706134247,-10.0,-393.0,393.1272058761642,-178.54240664926724,VERY_HIGH,361,9.39691749178074,0.0312434992016975,0.0423465476661756,6.052679862228919,6.2871433668049725,-0.0031142496617374,0.0019485015350587,True,False,VARIABLE,6.3641048284026684,False,False,0,0.0,13.456,0.0312434992016975,13.393513001596604,13.518486998403397,0.1249739968067906,1.9170008,0.0388904576167949,0.3223936957783343,0.2560457900993742,0.2374623759036993,0.2719672872604693,0.3093174000231072,21,0.072803271273953,TOP_ML,33.42801388175589,7.976670402411595,4.1907227195509495,29.9150288598442,7.1383937477614126
J022929.28-704728.3,37.3720214,-70.7911966,14.09,12.188,8.702,7.065,0.025,0.021,0.022,0.081,43.2,51.9,48.7,13.5,1.9020004,293.2601632885946,77.0,-659.0,663.4832326442018,173.33556795650065,VERY_HIGH,311,9.516406642217635,0.0571557472069656,0.0234200997815585,2.3337793412929733,1.8961332955954888,0.0079721382939718,-0.0037047101901265,False,False,NORMAL,3.130993170690157,False,False,0,0.0,14.09,0.0571557472069656,13.975688505586067,14.20431149441393,0.2286229888278619,1.9020004,0.0557833728781563,0.2396376624357289,0.1935149561974385,0.1825297855863334,0.2052274680731669,0.3088792151887443,22,0.0794772531926833,TOP_ML,12.886903957032274,9.408237717350156,1.3697468478360142,77.59815727146074,56.65145891304928
J081416.82-795126.3,123.5701191,-79.8573154,14.775,12.573,8.697,6.886,0.029,0.023,0.021,0.06,37.6,48.1,51.0,18.0,2.2019997,264.03007153448374,-41.0,383.0,385.1882656571978,-6.1102213887846455,VERY_HIGH,395,10.132018060142943,0.0284451044414138,0.0558332538792587,0.8508397987028011,0.8651001961559447,-0.0034302572999921,-0.0001923397866455,False,False,NORMAL,1.1938655287020208,False,False,0,0.0,14.775,0.0284451044414138,14.718109791117172,14.831890208882829,0.1137804177656569,2.2019997,0.0353813992011616,0.3087480165515469,0.2664767507861749,0.2562613729260333,0.277162046754585,0.3080560855128643,23,0.0722837953245415,TOP_ML,-10.801621941400455,2.970237490325744,3.6366189493540633,,
J224224.74-231628.6,340.6030964,-23.2746271,14.668,12.388,8.58,6.985,0.032,0.025,0.025,0.098,33.6,43.7,42.8,11.1,2.2800007,298.92758675045343,-104.0,-225.0,247.87295132789296,-155.19257102685825,HIGH,486,8.547628723837983,0.0670486666959244,0.0287255089439205,8.208234000199266,6.696036997597178,0.000277738494483,0.0023075674780925,True,False,VARIABLE,8.236007849647574,False,False,0,0.0,14.668,0.0670486666959244,14.53390266660815,14.802097333391847,0.2681946667836996,2.2800007,0.0869341465147206,0.342721310228687,0.2987073485714716,0.2926602901423626,0.3113629829808403,0.3068489005465675,24,0.0688637017019159,TOP_ML,26.809329856225933,14.609304209887735,1.8350860158063576,37.30044746969943,20.32626653378381
J222002.70+393201.3,335.0112616,39.5337222,15.291,13.146,8.762,7.2,0.054,0.027,0.027,0.099,20.0,40.2,40.2,10.9,2.1450005,302.01629169939,-104.0,-502.0,512.659731205797,-168.29553511169365,VERY_HIGH,326,9.739474215354072,0.048809492878764,0.0706547782600515,1.46352853386046,1.5784382236101393,-0.0001763177598586,-0.0083016031945817,False,False,NORMAL,1.4811603098463244,False,False,0,0.0,15.291,0.048809492878764,15.193381014242473,15.388618985757528,0.1952379715150556,2.1450005,0.0649250713205444,0.2729308437284918,0.2348392512425935,0.2115847839675269,0.2397849596462041,0.3049440923027974,25,0.0760215040353795,TOP_ML,,,,,
J141359.15+764336.8,213.4964854,76.7268956,15.207,12.844,9.047,7.387,0.029,0.023,0.025,0.082,37.5,47.3,43.9,13.2,2.363,287.16498222101654,281.0,-101.0,298.6000669792289,109.76999015605824,HIGH,351,8.273824883145467,0.0356939258148006,0.0524823963410431,5.586507503532669,6.419893387746596,-0.0052921224342479,-0.0010388900068859,True,False,VARIABLE,6.115719746957463,False,False,0,0.0,15.207,0.0356939258148006,15.1356121483704,15.278387851629605,0.142775703259204,2.363,0.049337460542524,0.3198365516639521,0.286883725757095,0.2810467117553564,0.2959223297254678,0.3035443230550091,26,0.0704077670274532,TOP_ML,-9.931265707329484,10.69128585906954,0.9289121849552532,,
J014259.41-340105.6,25.7475679,-34.0182264,14.853,12.745,8.715,7.096,0.031,0.025,0.025,0.084,35.0,44.1,43.4,12.9,2.1079998,293.28925093651486,-119.0,-397.0,414.4514446832101,-163.3139972216322,VERY_HIGH,328,7.7793083034176975,0.0928788817865065,0.059502394668355,6.483369484459864,5.834171567521292,-0.0075117852604801,0.0026073444312086,True,False,VARIABLE,7.234548010507878,False,False,0,0.0,14.853,0.0928788817865065,14.667242236426986,15.038757763573011,0.3715155271460268,2.1079998,0.1005386485174724,0.2776809970172504,0.2359407757817684,0.217077894161702,0.2435665556535736,0.2877637785701501,28,0.0756433444346426,TOP_ML,43.8379278575543,14.595773212830691,3.00346732018402,22.81129717739788,7.594987641150777
J194522.53+391503.7,296.3438829,39.2510402,14.442,12.37,8.659,7.24,0.03,0.025,0.021,0.084,36.1,43.9,52.3,13.0,2.0720005,342.3521908835632,-168.0,-330.0,370.30257898102735,-153.01976928177714,VERY_HIGH,442,9.08895173506802,0.0509114367980762,0.0415160911638745,2.649044133968734,2.852783776103005,0.0013470341722227,0.0002643191945892,False,False,NORMAL,2.783747551191013,False,False,0,0.0,14.442,0.0509114367980762,14.340177126403848,14.543822873596152,0.2036457471923043,2.0720005,0.0496715420785449,0.2825779385115454,0.2371855873349322,0.2297276491322235,0.249830391659567,0.2833311013266467,29,0.0750169608340433,TOP_ML,21.61704276870536,8.348311933457737,2.589390878181036,46.259796527195846,17.865126859368512
J032635.16-735621.1,51.6465212,-73.9392222,15.99,13.721,9.468,7.651,0.036,0.027,0.029,0.102,30.4,40.5,38.0,10.6,2.269,262.7154618113184,242.0,-409.0,475.2315225234959,149.38774690779982,VERY_HIGH,327,7.527591154849889,0.0580996342192191,0.035731056965763,12.698335443394123,15.090997687588697,0.0052960676094447,0.0024159407468632,True,False,VARIABLE,13.227942204338602,False,False,0,0.0,15.99,0.0580996342192191,15.873800731561564,16.106199268438438,0.2323985368768752,2.269,0.0629741977517928,0.2411803091212159,0.2184964592651887,0.2154401831707225,0.2250389838523757,0.2819720118256866,30,0.0774961016147624,TOP_ML,53.97044821228917,14.545263886245268,3.7105169513855527,18.5286584255622,4.993551752578133
J105156.31-313630.4,162.9846352,-31.6084669,16.255,14.216,9.187,7.415,0.069,0.042,0.035,0.105,15.8,26.0,31.3,10.3,2.0389996,268.0395650630982,515.0,468.0,695.8800183939758,47.7373879931908,VERY_HIGH,420,10.047670231482536,0.0295122471733142,0.0480342344419788,14.01443627544574,15.27442811401674,-0.0010698995536711,0.0013040941286713,True,False,VARIABLE,14.12142623081285,False,False,0,0.0,16.255,0.0295122471733142,16.195975505653372,16.314024494346626,0.1180489886932534,2.0389996,0.0932650944661092,0.1853486164587801,0.1612944362665737,0.1535153934067542,0.166719482044036,0.2816459020925407,31,0.0833280517955964,TOP_ML,,,,,
J052409.52-224536.5,81.0396971,-22.7601541,15.431,13.017,8.919,7.249,0.04,0.027,0.025,0.107,27.1,39.7,43.8,10.1,2.4139996,284.33452591758527,30.0,135.0,138.2931668593933,12.528807709151511,HIGH,329,7.982424154252496,0.0706493052110229,0.0368012294007314,9.72879346859997,11.069613443831186,-0.0025202325775892,-0.0010176833732048,True,False,VARIABLE,9.980816726358894,False,False,0,0.0,15.431,0.0706493052110229,15.289701389577951,15.572298610422044,0.2825972208440923,2.4139996,0.0336612865802552,0.3372565923334533,0.3045167014688397,0.2772603305035997,0.3063445414352976,0.279983563082621,32,0.0693655458564702,TOP_ML,56.66609290988938,18.41574180395932,3.077046448256913,17.647237503919733,5.735122235127959
J033514.30-464330.1,53.809611,-46.725048,16.483,13.985,9.053,7.165,0.048,0.03,0.026,0.081,22.6,36.5,42.3,13.3,2.4980001,253.4025517501668,134.0,-33.0,138.00362314084367,103.83485315665874,HIGH,428,8.2117472624904,0.0654926810685867,0.0234553811289535,9.545437096480889,8.096695126826955,0.0059893894629442,0.001683937923281,True,False,VARIABLE,10.144376042775312,False,False,0,0.0,16.483,0.0654926810685867,16.352014637862826,16.613985362137175,0.2619707242743487,2.4980001,0.0509287309631229,0.3229692227477559,0.2993198636985632,0.2904140492523345,0.3042343785662179,0.2757998489655878,33,0.0695765621433782,TOP_ML,39.4247268623381,22.74489383752505,1.733344070276304,25.36479208826901,14.633443251821165
J091207.70+295011.9,138.0321094,29.836664,12.375,10.645,7.868,6.262,0.024,0.021,0.021,0.058,44.9,52.8,52.1,18.8,1.7299995,315.31711659645754,220.0,246.0,330.0242415338607,41.80655072671671,VERY_HIGH,435,9.32869300193969,0.0410697009586595,0.0358375549928544,0.5771245998922926,0.5283445828439145,0.0044920733567417,3.189056526646949e-05,False,False,NORMAL,1.0263319355664715,False,False,0,0.0,12.375,0.0410697009586595,12.29286059808268,12.45713940191732,0.1642788038346374,1.7299995,0.0810100098562815,0.2948243093102163,0.2223135173243507,0.2037197443126328,0.2402858569823999,0.2716872530399798,34,0.07597141430176,TOP_ML,25.3056136830124,4.875313966512681,5.190560824765413,39.51692349872937,7.613228094772463
J093710.36-473613.5,144.2932013,-47.6037706,14.511,12.677,9.039,7.15,0.046,0.027,0.028,0.089,23.8,40.8,39.2,12.1,1.8339996,254.2897462239873,23.0,673.0,673.3929016554897,1.9573406298034728,VERY_HIGH,427,9.455883778507802,0.0753382229837324,0.0396297372801522,1.0165910927619586,0.8283215269359502,0.0005351517997727,0.0019504248962899,False,False,NORMAL,1.0701062727392374,False,False,0,0.0,14.511,0.0753382229837324,14.360323554032536,14.661676445967464,0.3013528919349291,1.8339996,0.0505748964586963,0.1846305073850109,0.1486828587467985,0.1359332373398461,0.1564155344905518,0.2706490076745245,35,0.0843584465509448,TOP_ML,,,,,
J013401.19+143639.5,23.5049749,14.6109978,14.246,12.142,8.608,6.713,0.029,0.023,0.025,0.064,38.0,46.3,44.2,17.0,2.104,253.68885173828647,-10.0,222.0,222.2251110923336,-2.5791475002834177,HIGH,362,10.274080854835688,0.0512856003819092,0.0631622174700013,2.126648858920817,1.858804179881981,0.0048246173029005,0.0065101697515326,False,False,NORMAL,2.609110589210869,False,False,0,0.0,14.246,0.0512856003819092,14.14342879923618,14.34857120076382,0.2051424015276381,2.104,0.0224136154397094,0.3010278832277802,0.2535016491311442,0.2514951290200439,0.2686748871263227,0.2675699249189244,36,0.0731325112873677,TOP_ML,26.806867844237694,11.236389046681886,2.385719089368286,37.30387323914668,15.636322568481589
J024127.61-334918.4,40.3650664,-33.8217929,15.171,12.93,8.638,6.945,0.033,0.026,0.024,0.07,33.3,41.6,44.8,15.5,2.2409992,280.28005555993576,-89.0,-140.0,165.89454481688057,-147.55529674078858,HIGH,385,9.677867036610715,0.0341495852313459,0.0235555920886713,9.848542579797773,10.658388915745784,-0.0019203272446965,-0.0033427684482605,True,False,VARIABLE,10.040575304267426,False,False,0,0.0,15.171,0.0341495852313459,15.102700829537309,15.239299170462692,0.136598340925385,2.2409992,0.0616785637065192,0.31304121711676,0.272636281347169,0.2538342462477067,0.2798372482372119,0.2649693232817771,37,0.0720162751762788,TOP_ML,54.91792702943754,12.637215510984444,4.34573003694541,18.20899028952736,4.19008777230128
J183905.95-571505.1,279.7748156,-57.2514194,13.046,11.209,7.74,5.848,0.024,0.021,0.018,0.045,44.6,51.4,59.4,24.0,1.8369999,254.1682303321605,-26.0,-197.0,198.7083289648424,-172.4815731205578,HIGH,462,7.654436253749968,0.054281874882604,0.0282127048611157,2.2536549772035883,2.4511165349854043,0.0066011660351032,-0.0003094732305904,False,False,NORMAL,2.913771580713909,False,False,0,0.0,13.046,0.054281874882604,12.937436250234793,13.154563749765208,0.2171274995304166,1.8369999,0.0696864479695316,0.3160451531484449,0.2454832255048834,0.2379636379804197,0.266497338877916,0.264382069274587,38,0.0733502661122084,TOP_ML,19.53222007294587,3.6632243425848063,5.331974852286482,51.19745713827496,9.601968980840228
J091413.07+724437.7,138.5544629,72.7438329,15.168,12.925,8.798,7.245,0.033,0.025,0.027,0.106,32.4,43.2,39.8,10.2,2.243,304.9950221580249,193.0,-8.0,193.1657319505714,92.37359580223666,HIGH,344,9.426094938462864,0.0259940718588844,0.0305792338876335,12.28146663283725,14.322588898102005,0.0065223475025242,0.0098865780005091,True,False,VARIABLE,12.933701383089677,False,False,0,0.0,15.168,0.0259940718588844,15.11601185628223,15.219988143717767,0.1039762874355396,2.243,0.0664096436239472,0.3027454375593362,0.2647620890670287,0.248677621554284,0.2720617160602163,0.2639094737468726,39,0.0727938283939783,TOP_ML,31.641650981530304,5.271762614401142,6.002100871365717,31.60391348048541,5.265475232390465
J054110.02-830916.6,85.2917526,-83.1546199,15.991,13.756,8.946,7.119,0.04,0.028,0.023,0.069,26.8,38.9,48.2,15.7,2.2350006,260.96692049367886,156.0,261.0,304.06742673295344,30.86680945113708,VERY_HIGH,489,9.146201368099758,0.0196126006809197,0.0396196758419462,2.196252870652421,2.037332428676756,0.0026512880918622,-0.0013504106483008,False,False,NORMAL,2.4613816798386416,False,False,0,0.0,15.991,0.0196126006809197,15.95177479863816,16.03022520136184,0.0784504027236803,2.2350006,0.057373466177458,0.2669455617366759,0.2363351226233844,0.2184219842114709,0.2405675561905104,0.2608889117849771,40,0.0759432443809489,TOP_ML,0.9195059892660212,2.765237147837883,0.3325233750692867,1087.540496390058,3270.5685612731763
J011130.84-260118.5,17.878536,-26.021813,14.631,12.654,9.07,7.317,0.03,0.025,0.031,0.102,36.4,42.6,35.5,10.7,1.9769993,273.004308114726,247.0,-420.0,487.24634426540337,149.54041718036387,VERY_HIGH,450,9.165602434798387,0.0543291717916395,0.0220549125702833,13.765724677385212,14.640031921180425,0.0101961608888005,0.0066460802490758,True,False,VARIABLE,14.785340766265264,False,False,0,0.0,14.631,0.0543291717916395,14.52234165641672,14.73965834358328,0.2173166871665586,1.9769993,0.0544757590327779,0.2211319986936322,0.1844885755968615,0.1683492528860167,0.1913232757255035,0.260228579617892,41,0.0808676724274496,TOP_ML,23.73909860353205,13.12667777280936,1.808462050672508,42.12459860844143,23.2930509063083
J104200.37-060111.5,160.5015682,-6.0198695,13.571,11.693,8.243,6.586,0.025,0.023,0.024,0.08,43.9,47.1,46.2,13.5,1.8780003,289.7384603554652,184.0,242.0,304.00657887618155,37.24683812544116,VERY_HIGH,422,10.22479765789996,0.0534636185170236,0.0471403097193009,1.2867880220465873,1.320967500343531,-0.0058972006036064,-0.0060924963090786,False,False,NORMAL,1.8765080824072309,False,False,0,0.0,13.571,0.0534636185170236,13.464072762965952,13.677927237034048,0.2138544740680963,1.8780003,0.0490107258069513,0.2787462275880142,0.2208874850445468,0.2006184307382345,0.2334173811235985,0.2589463009225036,42,0.0766582618876401,TOP_ML,34.041532615281035,7.771108705623519,4.380524569248024,29.375880672044307,6.706018927109241
J152010.51-093312.1,230.043816,-9.5533639,13.894,11.956,8.423,6.975,0.027,0.022,0.026,0.099,39.6,48.3,41.3,10.9,1.9379997,339.5297369198568,-181.0,-232.0,294.2532922500613,-142.03962776902915,HIGH,389,10.310189966210205,0.0637252038074902,0.0236355863353305,2.6438720497123085,3.085201528964361,0.0012448207423953,0.0026504950357833,False,False,NORMAL,2.768354123951845,False,False,0,0.0,13.894,0.0637252038074902,13.76654959238502,14.021450407614982,0.2549008152299628,1.9379997,0.0631708854534566,0.2748933443798468,0.2221520753430115,0.2168431737060911,0.2379628644763165,0.2588771135628052,43,0.0762037135523683,TOP_ML,45.39185621961362,8.784881783757873,5.167042350363483,22.03038349350217,4.263635170699233
J213213.86-610413.7,323.05776,-61.0704869,14.458,12.454,8.685,7.111,0.028,0.024,0.023,0.091,38.7,45.4,46.5,12.0,2.0039997,303.43287883993247,1.0,-341.0,341.0014662725074,179.83197766783357,VERY_HIGH,423,8.523199053150776,0.0405613626842113,0.0198796523700059,3.649522120373464,4.306782593248437,-0.0032268797479257,0.00305303662617,True,False,VARIABLE,3.972210095166038,False,False,0,0.0,14.458,0.0405613626842113,14.376877274631578,14.539122725368422,0.1622454507368438,2.0039997,0.046461055450119,0.2603585237174626,0.2157301749460852,0.1969885054937966,0.2243590680524481,0.2575181531963978,44,0.0775640931947551,TOP_ML,18.87226510271652,5.971443548877941,3.160419243394287,52.98781013075413,16.766069957808913
J113914.34+214121.3,174.8097894,21.6892504,14.735,12.743,8.864,6.985,0.031,0.026,0.025,0.095,34.5,41.6,43.8,11.4,1.9919996,255.22639900370245,226.0,322.0,393.3954753171419,35.06361005657168,VERY_HIGH,459,9.399304371819804,0.0537290862953885,0.0335722831669401,2.429465598825648,2.9033746584559217,0.0069005072910744,0.0015382221769193,False,False,NORMAL,3.119516327933094,False,False,0,0.0,14.735,0.0537290862953885,14.627541827409225,14.842458172590776,0.2149163451815532,1.9919996,0.0708832175413814,0.2367176830193485,0.197149806945808,0.1889083812047677,0.2075919570566414,0.2536127228478774,45,0.0792408042943358,TOP_ML,22.394477019585143,10.82243071031731,2.069264994067913,44.65386707291479,21.579578836411347
J231923.35+005202.6,349.8473284,0.867402,15.428,13.418,8.758,6.963,0.043,0.031,0.027,0.084,25.3,34.8,40.0,13.0,2.0100002,265.23424535646086,-370.0,-96.0,382.2512262897269,-104.54520274117436,VERY_HIGH,374,9.57568559307808,0.0403153185426749,0.0199494127072438,1.5401012640465563,1.7427265190481285,0.0039643641613117,0.0016475078644898,False,False,NORMAL,1.9365376801777283,False,False,0,0.0,15.428,0.0403153185426749,15.347369362914652,15.50863063708535,0.1612612741706982,2.0100002,0.0421332237534527,0.2296522364345698,0.1929839297964496,0.1927265392799897,0.205120901837003,0.2484021763708888,46,0.0794879098162997,TOP_ML,8.981920933667986,26.860176112986807,0.3343954595042754,111.33475872088596,332.9433924908376
J023658.58-583351.9,39.2441155,-58.5644205,15.085,12.942,9.172,7.304,0.031,0.024,0.027,0.107,35.3,44.9,39.5,10.1,2.1429996,256.7243761141179,65.0,-292.0,299.1471209956733,167.45041789744664,HIGH,470,8.225556872701356,0.0369679930478836,0.0264567657697577,2.628807579685585,2.995994849936849,-0.0035877112789798,0.0048440647990498,False,False,NORMAL,2.9875787075835665,False,False,0,0.0,15.085,0.0369679930478836,15.011064013904234,15.158935986095768,0.1478719721915347,2.1429996,0.0737678654689616,0.2500684153077092,0.2171403294185076,0.2047699728535763,0.223992905859931,0.246546672609875,47,0.0776007094140069,TOP_ML,-1.6029165518068655,8.935188159637674,0.1793937098098966,,
J005800.27-080633.8,14.5011344,-8.1094057,13.925,12.053,8.462,6.54,0.027,0.023,0.024,0.065,40.7,47.4,44.8,16.6,1.8719997,250.3318966954704,25.0,-303.0,304.02960382173313,175.28330922434222,VERY_HIGH,402,9.43551837122835,0.0402927290434179,0.0464833270497688,1.6635439614342715,1.5119253290164598,-0.0058964859203191,-0.0003973292217169,False,False,NORMAL,2.253192553466185,False,False,0,0.0,13.925,0.0402927290434179,13.844414541913164,14.005585458086836,0.1611709161736705,1.8719997,0.0377442261903122,0.2519460377822632,0.2006675558693334,0.198031249090913,0.2168816142475032,0.2436695854547027,48,0.0783118385752496,TOP_ML,29.59047556236313,8.877151126904167,3.333330157316198,33.794657942974226,10.138407042818615
J222345.27-284104.4,335.9386529,-28.6845737,13.822,11.883,8.519,6.818,0.026,0.023,0.028,0.093,42.2,46.4,39.2,11.7,1.9389992,282.37406218796866,-204.0,-84.0,220.6173157302028,-112.38013505195958,HIGH,336,9.400589132282684,0.0603007053441732,0.0655532979157685,6.1573601607628206,5.749112135528141,0.0053381021469129,0.0023695756969554,True,False,VARIABLE,6.691170375454118,False,False,0,0.0,13.822,0.0603007053441732,13.701398589311651,13.942601410688344,0.2412028213766923,1.9389992,0.0372522574538696,0.270644520545155,0.2190500324643842,0.2186990627909286,0.2361312052668226,0.2416330805808679,49,0.0763868794733177,TOP_ML,35.697980337704365,11.186246337550855,3.1912385317200305,28.01278925418073,8.778030528191904
J163051.99+111410.9,247.7166507,11.2363685,13.805,11.921,8.275,6.576,0.026,0.022,0.023,0.059,42.1,49.1,47.8,18.6,1.8840008,281.3088264350752,-133.0,-190.0,231.9245566989404,-145.00797980144134,HIGH,398,9.107324052224277,0.0602757190182441,0.0281685722232834,1.7482662196994712,1.937716881424736,0.0007118974251064,0.0034559630787192,False,False,NORMAL,1.8194559622101176,False,False,0,0.0,13.805,0.0602757190182441,13.684448561963512,13.925551438036488,0.2411028760729756,1.8840008,0.073780330622151,0.2716903274351476,0.2160778633732615,0.2033148787849925,0.2303610231978005,0.2407288125632872,50,0.0769638976802199,TOP_ML,30.426130424993165,7.563071397258735,4.02298601015736,32.86648634025977,8.169674529634815
J230741.12+522419.5,346.9213359,52.4054233,15.181,13.209,8.725,6.972,0.038,0.027,0.023,0.089,28.8,39.6,48.3,12.1,1.9720001,271.1540678750453,124.0,-337.0,359.0891254271006,159.79878069106897,VERY_HIGH,407,7.804414628598097,0.0247823209132991,0.04621815131196,8.389955301396185,9.880905695624156,0.0003133954863658,-0.0003463591498915,True,False,VARIABLE,8.421294850032771,False,False,0,0.0,15.181,0.0247823209132991,15.131435358173402,15.230564641826597,0.0991292836531947,1.9720001,0.0466576383936629,0.2277409415207225,0.1891299038259546,0.1849662276961567,0.2006123576809446,0.2405036827175531,51,0.0799387642319055,TOP_ML,17.709411751265538,12.406821767791197,1.427393097339414,56.46714944828919,39.55963466093608
J174419.54+385839.2,266.0814384,38.977561,16.091,13.859,9.018,7.442,0.047,0.032,0.028,0.109,23.3,34.0,38.9,10.0,2.2319994,298.085873449733,-213.0,-58.0,220.75552088226468,-105.23235518438536,HIGH,391,8.17280792838168,0.0358466106876243,0.0342268272215972,13.10169772319194,13.606217262280053,0.0051762116120968,0.0017302327512784,True,False,VARIABLE,13.619318884401627,False,False,0,0.0,16.091,0.0358466106876243,16.019306778624752,16.16269322137525,0.1433864427504971,2.2319994,0.0755690372521459,0.2582962581266719,0.2294050030395851,0.2179092465715187,0.2352035025792586,0.2386355137224229,52,0.0764796497420741,TOP_ML,8.837052698540681,19.248180304664228,0.4591110722502575,113.15990003829404,246.476085805684
J065314.51-042541.9,103.3104752,-4.4283133,12.63,11.083,7.694,5.264,0.024,0.021,0.02,0.038,45.6,52.6,54.9,28.5,1.5469999,203.1944458908701,154.0,305.0,341.6738210633059,26.790033448157367,VERY_HIGH,358,9.230711653879077,0.0539811939114694,0.0574464127344135,10.405943894987017,11.965593728310845,-0.0028827848152788,-0.0009424582324342,True,False,VARIABLE,10.694222376514896,False,False,0,0.0,12.63,0.0539811939114694,12.522037612177062,12.73796238782294,0.2159247756458775,1.5469999,0.0526593934829375,0.2457529554878897,0.1748222740337058,0.168466264979241,0.1963471648336121,0.2379295555738289,53,0.0803652835166388,TOP_ML,,,,,
J105027.24-701039.5,162.6135033,-70.177643,15.344,13.068,9.067,7.192,0.039,0.026,0.023,0.066,27.6,41.8,48.2,16.5,2.276,255.5811535627325,66.0,88.0,110.0,36.86989764584402,HIGH,343,9.490505307324169,0.0683572389410955,0.069507124338991,3.7583970456813502,3.719631760907283,-0.0047757116025061,0.0006227089415683,True,False,VARIABLE,4.23596820593197,False,False,0,0.0,15.344,0.0683572389410955,15.20728552211781,15.48071447788219,0.2734289557643805,2.276,0.0529342737286664,0.289018944478245,0.2563833519115683,0.2317607774445725,0.2590543579447953,0.2360850175512757,54,0.0740945642055204,TOP_ML,48.150942595162704,7.73036475176568,6.228806031974704,20.7680254238774,3.3341904238577413
J172400.49+271007.7,261.0020721,27.1688197,14.124,12.213,8.602,6.679,0.026,0.023,0.021,0.058,42.0,47.9,52.6,18.8,1.9109993,250.18746926374027,-175.0,-198.0,264.25177388240934,-138.52851617585674,HIGH,471,7.770869310163225,0.0603009537261209,0.0509419476234007,3.726671184175188,3.140239602634966,-0.0006014781585594,-0.0001940865117793,True,False,VARIABLE,3.786819000031137,False,False,0,0.0,14.124,0.0603009537261209,14.00339809254776,14.244601907452244,0.2412038149044839,1.9109993,0.0784100849597971,0.2481749136196779,0.2004429625542773,0.1983202556191362,0.2156460439310305,0.2339115795448842,55,0.0784353956068969,TOP_ML,23.62295437304803,6.923263579299591,3.4121125250351807,42.33170771988295,12.406304718642446
J184132.20-603919.7,280.3841705,-60.6554944,14.83,12.844,8.987,7.198,0.033,0.026,0.031,0.108,32.8,41.0,34.9,10.0,1.9860001,267.09228508065826,-260.0,-218.0,339.29927792437167,-129.97853895779818,VERY_HIGH,327,10.191330779857733,0.047705271170662,0.0448737442298382,1.6933275313899658,1.981361404812848,0.0001634737404704,0.0045188274186304,False,False,NORMAL,1.7096749054370124,False,False,0,0.0,14.83,0.047705271170662,14.734589457658675,14.925410542341323,0.1908210846826463,1.9860001,0.0428141581842588,0.2238324101760389,0.1870825519248863,0.1768906714501827,0.1959352111837026,0.2328050468729341,56,0.0804064788816297,TOP_ML,10.141032719719073,6.896268404725878,1.4705101548497768,98.60928641473726,67.05787517993095
J152842.04+742202.9,232.1751702,74.3674952,13.708,11.927,8.237,6.094,0.024,0.021,0.02,0.04,45.5,52.5,54.1,27.4,1.7810001,226.92494501517632,184.0,-206.0,276.2100649867777,138.22864786963564,HIGH,395,9.667356345784516,0.0422937280627647,0.0238340342928969,2.5655248657136416,2.872139194047929,-0.0055978745571728,-0.0045750161728277,False,False,NORMAL,3.12531232143093,False,False,0,0.0,13.708,0.0422937280627647,13.62341254387447,13.79258745612553,0.1691749122510586,1.7810001,0.0195362619043245,0.246772249762523,0.1908788910857537,0.1896613175155681,0.2091041527879482,0.232189824598631,57,0.0790895847212051,TOP_ML,,,,,
J013357.89-703638.5,23.4912423,-70.6106995,14.19,12.182,8.825,7.258,0.026,0.023,0.023,0.106,41.6,48.2,46.5,10.2,2.0079994,309.9675604853347,158.0,-130.0,204.60694025374605,129.4470289669632,HIGH,430,9.532693085526848,0.043694615107193,0.0661095761430865,1.562613348381505,1.4041031211883126,-0.0016615700598979,0.0023070853222733,False,False,NORMAL,1.7287703543713009,False,False,0,0.0,14.19,0.043694615107193,14.102610769785612,14.277389230214386,0.1747784604287723,2.0079994,0.054058460417026,0.2595248177503443,0.2153698800204622,0.2124485652746819,0.2291144210151628,0.2318734795847694,58,0.0770885578984837,TOP_ML,1.605995799044205,5.933446320845272,0.2706682949843248,622.6666349906653,2300.478654238856
J124915.41+324357.2,192.3142251,32.732575,13.02,11.367,8.051,5.694,0.023,0.021,0.02,0.046,46.2,52.5,53.7,23.6,1.6530008,208.72520365943893,236.0,190.0,302.9785470953348,51.162988869115566,VERY_HIGH,464,10.17613966553134,0.0732632750430992,0.0690228721559008,5.074184745791284,4.532179561906002,0.0075759553109927,-0.0013077094950566,True,False,VARIABLE,5.83178027689056,False,False,0,0.0,13.02,0.0732632750430992,12.8734734499138,13.166526550086198,0.293053100172397,1.6530008,0.0410713277089894,0.2413876840876981,0.1786358916901248,0.1750736544081728,0.1983657433953319,0.2302300723016083,59,0.0801634256604668,TOP_ML,,,,,
J101955.59-864308.4,154.9816324,-86.7190116,12.734,11.063,8.323,6.067,0.023,0.02,0.021,0.045,47.2,53.7,51.9,24.3,1.6710005,217.17298020628644,-269.0,159.0,312.4771991681953,-59.41359770118494,VERY_HIGH,454,8.231968930137251,0.0526148115457218,0.0245398043228906,13.042030742632818,13.698782423322353,0.0028790912032234,0.0014060539361652,True,False,VARIABLE,13.329939862955158,False,False,0,0.0,12.734,0.0526148115457218,12.628770376908555,12.839229623091445,0.2104592461828858,1.6710005,0.0555804305154067,0.2361286398146457,0.1760325108519207,0.1607654885081092,0.1909755463915585,0.2267171546417916,60,0.0809024453608441,TOP_ML,,,,,
J100857.71-265220.0,152.2404764,-26.8722499,13.06,11.416,8.134,5.726,0.024,0.021,0.021,0.04,45.8,52.0,51.7,27.2,1.644,204.8383021667916,263.0,194.0,326.8103425535979,53.58593431180498,VERY_HIGH,471,9.884433910624946,0.0303698269790409,0.0830636491502311,13.549735891968924,15.55563269007801,-0.0082248385675064,-0.0033176223247339,True,False,VARIABLE,14.372219748719568,False,False,0,0.0,13.06,0.0303698269790409,12.999260346041918,13.120739653958085,0.1214793079161644,1.644,0.0714726349971954,0.2319199393497222,0.1712863745360442,0.1570264855137489,0.1867442664665051,0.2263138507667307,61,0.0813255733533495,TOP_ML,,,,,
J161358.02+374358.6,243.4917622,37.7329562,15.979,14.058,9.384,7.507,0.047,0.036,0.032,0.096,22.9,30.2,33.9,11.3,1.9210005,254.8406094415745,-528.0,157.0,550.8475288135547,-73.44023400086381,VERY_HIGH,489,9.636537664042608,0.0588763885629245,0.0464543712067617,0.8239711468735397,0.7349851756792309,0.0027682465267359,-0.0015778085695131,False,False,NORMAL,1.1007957995471307,False,False,0,0.0,15.979,0.0588763885629245,15.86124722287415,16.096752777125847,0.2355055542516968,1.9210005,0.053821981360398,0.1449809147449659,0.1242935732360783,0.1195474944159475,0.1296073274656639,0.221179693041417,62,0.0870392672534336,TOP_ML,,,,,
J060501.01-545944.5,91.254209,-54.995711,15.177,13.174,9.251,7.355,0.029,0.024,0.024,0.069,37.2,44.7,45.2,15.8,2.0030003,253.09470710443125,58.0,354.0,358.7199464763564,9.30477234064332,VERY_HIGH,350,8.8,0.07,0.06,10.865325749219627,9.325689357576737,0.0179,0.014,True,False,VARIABLE,12.655325749219628,False,False,0,0.0,15.177,0.07,15.037,15.317,0.2800000000000011,2.0030003,0.0396477740192765,0.200904905335738,0.1708880569187788,0.1558039080741454,0.1758656234428874,0.2202117510531636,63,0.0824134376557112,TOP_ML,-1.8365232556974664,11.288733794705603,0.1626863817586692,,
J160736.59+064143.6,241.902468,6.6954665,13.665,11.833,8.668,6.839,0.024,0.022,0.027,0.081,45.0,48.3,40.8,13.4,1.8319998,263.23135520576494,-148.0,-215.0,261.01532522057016,-145.45756080900435,HIGH,380,7.610660842063599,0.0197030555062827,0.0275460096035881,2.211076472917157,2.1131661276209464,0.002884518278312,-0.0035265590277978,False,False,NORMAL,2.4995283007483584,False,False,0,0.0,13.665,0.0197030555062827,13.625593888987432,13.704406111012563,0.0788122220251317,1.8319998,0.0546842946507304,0.233430591310435,0.1844195892079386,0.174302091247212,0.1973840905885285,0.2193332852062152,64,0.0802615909411471,TOP_ML,21.732276983056,8.068041163577831,2.693624950894358,46.01450647714779,17.082744374590717
J065027.17-555224.5,102.6132428,-55.8734771,14.611,12.624,8.872,6.99,0.026,0.022,0.022,0.068,42.5,49.0,49.6,15.9,1.9870005,255.0063054407891,164.0,143.0,217.5890622251036,48.9131595249874,HIGH,347,9.68464904583558,0.071076041040698,0.0522074053086693,2.161180907304052,1.7734009203411385,-0.0002349029688237,-0.0022518769467622,False,False,NORMAL,2.184671204186423,False,False,0,0.0,14.611,0.071076041040698,14.468847917918604,14.753152082081396,0.2843041641627906,1.9870005,0.0393800608999636,0.2382111324987943,0.1979496772049034,0.1907943100071191,0.2089850399036056,0.2182296910709814,65,0.0791014960096394,TOP_ML,36.76514237026933,5.944256100226028,6.184986270842428,27.199677072613884,4.397694009579288
J110700.87-255107.4,166.7536484,-25.8520653,13.81,12.046,8.622,6.723,0.026,0.022,0.023,0.078,41.4,50.4,46.6,13.9,1.7640009,253.3699742970349,306.0,120.0,328.6883021952561,68.58703052512824,VERY_HIGH,300,7.549763486783569,0.0651793844098653,0.0404200768326551,6.296480196493722,7.100168766050061,0.0037424326827827,-0.003021564903303,True,False,VARIABLE,6.670723464771998,False,False,0,0.0,13.81,0.0651793844098653,13.67964123118027,13.940358768819731,0.2607175376394615,1.7640009,0.0196851177000553,0.2124950770893753,0.1648310819601954,0.1561479438556011,0.1778247009683906,0.2174672187862555,66,0.0822175299031609,TOP_ML,35.94523928487874,7.708583374134799,4.6630149198993625,27.82009578722362,5.966117686757055
J233049.80+220729.3,352.7075188,22.124818,13.603,11.835,8.654,6.898,0.025,0.022,0.026,0.089,43.4,48.6,42.4,12.2,1.7679996,274.194720869599,120.0,-251.0,278.2103520719529,154.4481126202435,HIGH,371,8.226165814534502,0.0271405940433875,0.0525925768384722,8.20044296762811,7.265396900532046,-0.0061890815598673,0.0055311989238573,True,False,VARIABLE,8.81935112361484,False,False,0,0.0,13.603,0.0271405940433875,13.548718811913224,13.657281188086776,0.1085623761735519,1.7679996,0.0598490252801629,0.2173376228255981,0.168603035929146,0.154289614251763,0.1800767576688357,0.2093019511150133,67,0.0819923242331164,TOP_ML,25.56121214444344,7.707789930552285,3.3162829260724163,39.1217753817431,11.796875071837224
J064954.38-350303.3,102.4766032,-35.0509345,14.236,12.441,9.014,7.431,0.027,0.022,0.025,0.091,40.6,48.6,43.3,12.0,1.7950001,305.20474367959,220.0,306.0,376.8766376415497,35.714406964724446,VERY_HIGH,326,8.023099287014974,0.0516374827877264,0.0373971389126463,8.06761059061223,8.358788944064651,-0.0003375924070505,-0.0030055484934871,True,False,VARIABLE,8.101369831317283,False,False,0,0.0,14.236,0.0516374827877264,14.132725034424547,14.339274965575454,0.2065499311509064,1.7950001,0.0422459688012803,0.1826697080779571,0.144954203207184,0.141715880687429,0.15644659732419,0.2086847070752143,68,0.084355340267581,TOP_ML,50.3698662951867,7.802198802578281,6.455855274867091,19.85313985428544,3.0752145159719624
J005832.22+064701.7,14.6342573,6.7838242,13.854,12.041,8.522,6.784,0.026,0.023,0.025,0.081,41.2,47.9,44.2,13.3,1.8129997,275.5563874309162,47.0,-187.0,192.81597444195333,165.89168640717415,HIGH,304,9.036279174897842,0.0345434957092485,0.0536390594258992,0.8527082271669844,0.9548339805034974,-0.0077557598776126,-0.0020036687504975,False,False,NORMAL,1.6282842149282457,False,False,0,0.0,13.854,0.0345434957092485,13.7849130085815,13.923086991418495,0.1381739828369959,1.8129997,0.0809501040266012,0.2325042565980329,0.1825226741720468,0.1819421321127217,0.1989896876276005,0.2059453707289597,69,0.0801010312372399,TOP_ML,33.851072702148265,12.817443661960068,2.6410159151011,29.54116133331685,11.185529464022936
J081203.49-134253.5,123.0145435,-13.7148837,14.101,12.322,9.018,7.206,0.027,0.022,0.03,0.097,39.9,49.5,36.8,11.2,1.7790003,265.21340190468027,179.0,311.0,358.83422356291493,29.92312545597853,VERY_HIGH,436,9.5728132143074,0.0962931713334701,0.0419399192998543,0.5416534227879332,0.5115318369562122,-0.0103037396244099,0.0066776211244854,False,False,NORMAL,1.5720273852289268,False,False,0,0.0,14.101,0.0962931713334701,13.90841365733306,14.29358634266694,0.385172685333881,1.7790003,0.0557173078144981,0.1815161021226623,0.1431746854926017,0.1398948662079703,0.1548618846077448,0.2037554841369821,70,0.0845138115392255,TOP_ML,54.32844368507693,10.929576310880773,4.970773078457861,18.406564447099782,3.702958102607705
J162011.49+650543.1,245.047897,65.0953197,16.837,15.336,9.344,7.528,0.06,0.057,0.031,0.094,18.1,19.1,35.1,11.5,1.5009995,261.92804626657914,-427.0,-863.0,962.8592835923638,-153.67445602777937,VERY_HIGH,489,9.448898697141644,0.0148253468013814,0.0378247970308628,3.7114927802958673,3.4737716139280925,0.0034986275399629,-0.0034844988137267,True,False,VARIABLE,4.06135553429216,False,False,0,0.0,16.837,0.0148253468013814,16.80734930639724,16.86665069360276,0.0593013872055223,1.5009995,0.0629096836228215,0.0,0.0,0.0,0.0,0.2,71,0.1,TOP_ML,,,,,
J154920.85+235547.1,237.336893,23.9297749,12.987,11.377,8.401,6.304,0.023,0.02,0.02,0.049,47.1,53.3,54.8,22.2,1.6100006,231.798825343295,-208.0,-181.0,275.7263135792448,-131.02953993955666,HIGH,436,10.419031664257336,0.0788254657813223,0.0404902034851788,0.8419242738321597,0.9719098879918092,0.0013752584857582,-7.36735167582068e-05,False,False,NORMAL,0.9794501224079816,False,False,0,0.0,12.987,0.0788254657813223,12.829349068437356,13.144650931562644,0.3153018631252884,1.6100006,0.0621579301943307,0.2056912121908956,0.1504673896350813,0.1439602896664928,0.1667062971641565,0.1984344214452227,73,0.0833293702835843,TOP_ML,,,,,
J142032.17+801007.8,215.134058,80.1688481,13.824,12.132,8.763,7.017,0.024,0.022,0.021,0.066,44.7,50.2,51.4,16.5,1.6920004,274.9169860124502,292.0,-157.0,331.53129565698623,118.265640890211,VERY_HIGH,462,9.008037069686583,0.0671279758864694,0.0301399813068233,9.935863810044506,9.362257316733327,-0.0024595958575325,-0.0059197765555601,True,False,VARIABLE,10.18182339579776,False,False,0,0.0,13.824,0.0671279758864694,13.68974404822706,13.95825595177294,0.2685119035458783,1.6920004,0.0300329191852241,0.1812731879641119,0.1379074672241004,0.1350777376810537,0.1514194642897553,0.1959702304076153,74,0.0848580535710244,TOP_ML,-24.007580372344307,3.2210386836242404,7.4533660506465935,,
J223900.22+330237.4,339.7509425,33.0437245,13.854,12.119,8.823,7.223,0.026,0.022,0.027,0.099,41.6,49.3,39.7,11.0,1.7349997,303.14976620861563,11.0,-304.0,304.19894805866767,177.92770155438092,VERY_HIGH,474,9.272678829564724,0.0630278250261159,0.0562701927200127,1.4219582585563717,1.3848891369145713,-0.0063883841094925,0.0036302546481663,False,False,NORMAL,2.0607966695056263,False,False,0,0.0,13.854,0.0630278250261159,13.727944349947768,13.98005565005223,0.2521113001044632,1.7349997,0.0626586363551102,0.1889470069152367,0.1459813134501922,0.1367629780749522,0.1572304328134603,0.1953142457034536,75,0.0842769567186539,TOP_ML,22.800758671764044,8.390174455257227,2.717554777121141,43.85818973815016,16.13884294343889
J204003.75-804422.4,310.0156403,-80.7395565,13.545,11.856,8.5,6.295,0.024,0.021,0.023,0.052,45.6,51.2,47.0,20.7,1.6890001,221.374345919854,35.0,-233.0,235.61409125941512,171.4572100923243,HIGH,417,8.977553081456591,0.0379956624568241,0.043666840114767,11.14792175728194,11.276957319688076,-0.0015562507727176,-0.0030834607755478,True,False,VARIABLE,11.303546834553709,False,False,0,0.0,13.545,0.0379956624568241,13.469008675086352,13.620991324913648,0.1519826498272962,1.6890001,0.0359975837012165,0.2063209931396977,0.155749893083007,0.1511782556613138,0.1710830472946728,0.1928545306223341,76,0.0828916952705327,TOP_ML,,,,,
J234658.41-003806.5,356.743416,-0.6351508,13.087,11.42,8.312,6.349,0.024,0.022,0.024,0.068,45.8,49.0,45.7,16.0,1.6669998,246.158801711348,-126.0,-107.0,165.3027525481654,-130.33812690476117,HIGH,451,9.007911279315575,0.0592420694852654,0.024653048742239,10.370250674958545,8.384428188857715,0.0012451801977818,0.0088445412360315,True,False,VARIABLE,10.494768694736734,False,False,0,0.0,13.087,0.0592420694852654,12.968515861029468,13.205484138970531,0.2369682779410631,1.6669998,0.0294696940117787,0.2257119230331498,0.1683062950464013,0.1532356081205299,0.1824179420666936,0.1889289568259239,77,0.0817582057933306,TOP_ML,26.43225154644968,6.86243152184149,3.851732649327297,37.83256973938408,9.82222111028176
J100443.67+002609.8,151.1819799,0.4360578,13.277,11.625,8.606,6.861,0.025,0.022,0.026,0.107,43.8,50.0,42.3,10.1,1.6520004,277.007332887972,141.0,202.0,246.3432564532669,34.9158037094094,HIGH,327,8.968358280832689,0.0530745021189105,0.0461459904175321,2.446840270989392,2.874381310087638,-0.006769361870827,0.0007613547123344,False,False,NORMAL,3.123776458072098,False,False,0,0.0,13.277,0.0530745021189105,13.170850995762178,13.38314900423782,0.212298008475642,1.6520004,0.057648194923681,0.1957692085245175,0.1459371097066404,0.1353312692929686,0.1590125291747088,0.1857304678533463,78,0.0840987470825291,TOP_ML,22.49170593241918,7.250619942360728,3.102039013383469,44.46083382935468,14.332777130633238
J161059.60+522426.9,242.748349,52.407473,15.543,13.433,9.396,7.525,0.032,0.026,0.025,0.084,34.2,42.2,42.6,12.9,2.1100006,256.0421129951102,-33.0,134.0,138.00362314084367,-13.834853156658731,HIGH,370,8.517089373146103,0.0367642707046322,0.0482586290855124,10.67771244026504,12.574327614500092,0.0085169121967757,-0.0040251712368577,True,False,VARIABLE,11.529403659942618,False,False,0,0.0,15.543,0.0367642707046322,15.469471458590736,15.616528541409265,0.1470570828185273,2.1100006,0.0636378297925262,0.2120463475299519,0.1858931896930166,0.1723042749193973,0.1900812707141219,0.1851234092107694,80,0.0809918729285878,TOP_ML,35.59577147969474,11.292508942025444,3.152157918354521,28.09322451601984,8.91237851772508
J155827.03+850432.3,239.612634,85.0756551,15.965,13.846,9.341,7.664,0.035,0.028,0.025,0.092,30.9,38.4,42.6,11.8,2.1190004,282.32650850840497,12.0,-138.0,138.52075656738234,175.0302592718897,HIGH,327,9.319287178978769,0.0853090848056219,0.0256311155749512,13.78735060928205,16.127870266442685,0.0025693345866834,-0.0014845834934852,True,False,VARIABLE,14.044284067950397,False,False,0,0.0,15.965,0.0853090848056219,15.794381830388756,16.135618169611245,0.3412363392224886,2.1190004,0.0776431798207505,0.2065130087479059,0.1822132661067363,0.1766554314316764,0.1884605687621062,0.1831517364830776,81,0.0811539431237893,TOP_ML,-4.051324151480998,2.175236291075004,1.8624754322569843,,
J052747.14-105916.1,81.9464532,-10.9878105,15.856,14.343,8.515,6.942,0.052,0.045,0.022,0.086,20.8,23.9,49.6,12.7,1.5129995,297.1309833246517,183.0,549.0,578.6968118108134,18.43494882292201,VERY_HIGH,420,8.476199094477803,0.0314613905684383,0.0503869302848234,1.6462458773008033,1.367670258211516,-0.0098236256645819,-0.0011590994275856,False,False,NORMAL,2.628608443758998,False,False,0,0.0,15.856,0.0314613905684383,15.793077218863123,15.918922781136876,0.1258455622737528,1.5129995,0.0228028771804016,0.0881347010238529,0.0621990203109953,0.0594600782630182,0.0699312665326221,0.1797895184126683,82,0.0930068733467378,TOP_ML,,,,,
J115746.32+150551.9,179.4430055,15.0977705,13.65,11.941,8.859,7.039,0.026,0.023,0.03,0.108,42.4,48.2,35.8,10.0,1.7089996,264.823106479168,145.0,183.0,233.4823333787805,38.39153566168314,HIGH,450,8.60334939815776,0.0224466126408581,0.039581968120717,2.156084034055971,2.1529501634987227,0.0022503273573962,0.0026025702764873,False,False,NORMAL,2.3811167697955926,False,False,0,0.0,13.65,0.0224466126408581,13.605106774718283,13.694893225281715,0.0897864505634338,1.7089996,0.0375371894715047,0.1846144391332781,0.1413127544181149,0.1327999949280368,0.1529090628264766,0.1771660317517786,83,0.0847090937173523,TOP_ML,18.636074990364243,7.570784290322144,2.4615778597980977,53.659367678926415,21.79876921842628
J025220.16-430049.3,43.0840152,-43.0137145,13.886,12.079,8.801,7.023,0.025,0.022,0.024,0.069,42.6,48.6,44.9,15.7,1.8069992,270.3112722767645,84.0,-71.0,109.98636279102968,130.2057679333694,HIGH,332,8.212912631977199,0.0716610248635055,0.0549458721024652,11.733680631745072,12.179926261330664,-2.621849859091583e-05,0.0055942702952765,True,False,VARIABLE,11.736302481604165,False,False,0,0.0,13.886,0.0716610248635055,13.742677950272988,14.02932204972701,0.2866440994540227,1.8069992,0.0372452003149736,0.2107082874966761,0.166183161697874,0.1565400067858615,0.1778104853268038,0.1716737299357827,85,0.0822189514673196,TOP_ML,24.892096651098043,6.292328638848391,3.955943511503198,40.17339374889049,10.155199039640788
J231029.40-060547.3,347.6225084,-6.0964906,13.988,12.24,8.772,6.911,0.027,0.024,0.028,0.103,40.9,45.9,38.9,10.6,1.7480001,258.13181545990386,-38.0,-161.0,165.42369842317032,-166.7198153078242,HIGH,395,9.8,0.1,0.09,18.484125370236065,19.809001630391545,0.0526,0.04,True,True,FADING,23.744125370236063,False,False,0,0.0,13.988,0.1,13.788,14.188,0.3999999999999986,1.7480001,0.0859175534619104,0.192469640290729,0.1493089971979262,0.1371481603485597,0.1596422659457383,0.1686402168375886,86,0.0840357734054261,TOP_ML,30.661583717680305,12.526974608514054,2.447644756686976,32.61410138522534,13.324687455613596
J014313.34-052339.2,25.8055986,-5.3942238,13.118,11.494,8.577,6.494,0.024,0.021,0.025,0.063,45.4,52.9,43.3,17.2,1.6239996,233.2747127942328,13.0,-165.0,165.51132891738862,175.495093136393,HIGH,361,9.436416887721505,0.081720336322907,0.0024779144861961,9.467553610752631,10.479401390600913,0.0080322316012878,-0.0025311274644251,True,False,VARIABLE,10.270776770881415,False,False,0,0.0,13.118,0.081720336322907,12.954559327354186,13.281440672645816,0.3268813452916284,1.6239996,0.0813104805846868,0.1940304819083253,0.1430166304330273,0.1388557120162207,0.1586342747858578,0.1683657926045184,87,0.0841365725214142,TOP_ML,25.965907350373307,6.983568960366237,3.71814290053371,38.51203759246346,10.357869135942936
J071217.21-565118.6,108.0717308,-56.8551879,13.351,11.808,8.81,7.005,0.023,0.021,0.021,0.068,46.3,52.6,52.1,16.1,1.5430002,267.4258655033317,283.0,93.0,297.88924116187883,71.80834389534284,HIGH,435,8.991745517677156,0.0594647524914709,0.0369642980992883,12.418567591992622,10.346150415256153,-0.0017087798788857,0.0025862915369701,True,False,VARIABLE,12.5894455798812,False,False,0,0.0,13.351,0.0594647524914709,13.23207049501706,13.469929504982945,0.2378590099658843,1.5430002,0.0299171846649586,0.1476560896202392,0.1055355190940781,0.097869700411072,0.1170204363751298,0.1616194456847656,89,0.088297956362487,TOP_ML,32.72455115715056,3.4166806560670566,9.57787819562271,30.55809673898285,3.1904870906531824
J071203.98-552448.9,108.0166066,-55.4135895,13.814,12.247,8.791,6.429,0.024,0.021,0.021,0.046,45.4,51.7,51.4,23.6,1.5670004,208.3128644118624,186.0,146.0,236.4571842850202,51.86999230821426,HIGH,485,8.031332038221146,0.025243690023463,0.0294848995663847,4.040108617913133,3.8816247134818656,-0.0010173181793361,-0.0090827714312175,True,False,VARIABLE,4.141840435846745,False,False,0,0.0,13.814,0.025243690023463,13.763512619953074,13.864487380046926,0.1009747600938517,1.5670004,0.0486849947785402,0.1429020610472392,0.1034955178623899,0.1021601061265762,0.1161858950120685,0.1474075756253193,92,0.0883814104987931,TOP_ML,,,,,
J193547.43+601201.5,293.94766,60.2004281,13.57,12.042,9.066,7.137,0.024,0.021,0.023,0.06,46.0,52.1,46.2,18.2,1.5279999,250.5057090423649,170.0,-255.0,306.4718584144391,146.30993247402023,VERY_HIGH,410,10.0,0.07,0.06,17.219280966374217,13.013201386008005,0.0229,0.018,True,True,FADING,19.509280966374217,False,False,0,0.0,13.57,0.07,13.43,13.71,0.2800000000000011,1.5279999,0.0346440486979174,0.1194970455730874,0.0849436591091461,0.084919233561309,0.0964533127478475,0.1454300982240447,94,0.0903546687252152,TOP_ML,-0.9613296163357504,5.11220238514815,0.1880460795387488,,
J023721.68-570645.3,39.3403402,-57.1125836,15.445,13.769,8.932,7.015,0.033,0.029,0.026,0.089,32.7,37.4,42.6,12.2,1.6759996,250.04425318945675,49.0,-244.0,248.8714527622644,168.64491719685978,HIGH,469,9.839626637572872,0.0673151038834024,0.0298611364925774,1.4177062189012997,1.456236769260958,0.0004456001975639,-0.0057662744826316,False,False,NORMAL,1.462266238657694,False,False,0,0.0,15.445,0.0673151038834024,15.310369792233196,15.579630207766805,0.2692604155336084,1.6759996,0.0721740716116581,0.1190871161156426,0.0923251756377499,0.083761525237979,0.0983912723304572,0.1345464387313771,96,0.0901608727669542,TOP_ML,-10.79926733228936,14.292996940660222,0.7555635376628382,,
J050319.34-652057.4,75.8306049,-65.3492947,13.661,12.082,9.168,7.357,0.023,0.021,0.022,0.068,46.5,52.6,48.8,15.9,1.5790005,266.9078389111745,167.0,-144.0,220.51077071199947,130.7703913882259,HIGH,387,10.387341884826334,0.0455307442934829,0.0826606674931253,2.5559529410172024,2.214767338979501,0.0037956633077684,0.0030254029811372,False,False,NORMAL,2.9355192717940515,False,False,0,0.0,13.661,0.0455307442934829,13.569938511413032,13.752061488586966,0.1821229771739325,1.5790005,0.0231109897793144,0.1249157799126267,0.0914225740081651,0.0885271788210732,0.1016218442472883,0.1317595848791627,97,0.0898378155752711,TOP_ML,14.691700513055611,5.072144495538326,2.8965461307301195,68.06564012868091,23.498897326908413
J013309.43-624709.8,23.2893311,-62.786058,13.584,12.034,8.956,7.329,0.024,0.022,0.029,0.09,46.0,49.9,37.9,12.0,1.5499992,300.3012086579778,116.0,-127.0,172.00290695217916,137.59186670523502,HIGH,438,8.354521483132404,0.0330641256386319,0.0456198373547006,9.53048809726717,8.559709185610908,-0.0047521191909302,-0.0067485665402902,True,False,VARIABLE,10.005700016360196,False,False,0,0.0,13.584,0.0330641256386319,13.517871748722737,13.650128251277264,0.1322565025545259,1.5499992,0.0493063022522643,0.1331067130121675,0.0956712013939746,0.0901814089742335,0.1063197744601252,0.126140734630262,99,0.0893680225539874,TOP_ML,1.5670080300761562,6.130943002279623,0.2555900502571149,638.1588229330263,2496.8062031016466
