designation,ra,dec,w1mpro,w2mpro,w3mpro,w4mpro,w1sigmpro,w2sigmpro,w3sigmpro,w4sigmpro,w1snr,w2snr,w3snr,w4snr,pmra,pmdec,ph_qual,w1_w2_color,w3mpro_1,w1mpro_1,snr_w1w2,w1_w2_zscore,w3_zscore,w1_zscore,anomaly_score,has_rosat,has_2mass,w1_w2_color_zscore_tier2,w3mpro_zscore_tier2,w1mpro_zscore_tier2,tier2_stealth_score,has_ps1,ps1_coverage,w1_w2_color_zscore_tier3,w3mpro_zscore_tier3,w1mpro_zscore_tier3,tier3_stealth_score,no_gaia_optical,no_rosat_xray,no_2mass_nir,no_ps1_deep_optical,spitzer_coverage,invisibility_count,final_stealth_score,pm_total,prime_score,has_nvss_radio,nvss_separation,T_eff_K,SolidAngle_scale,filename,cluster,umap_x,umap_y,vote,lamost_match,lamost_class,lamost_subclass,lamost_teff,lamost_score,lamost_category,lamost_is_known_ir,lamost_temp_mismatch,ir_teff,legacy_match,legacy_mag_g,legacy_mag_r,legacy_mag_z,legacy_type,legacy_score,legacy_is_bright,legacy_is_faint,score,gal_l,gal_b,pm_category,galactic_region,est_distance_pc,kinematic_score,kinematic_flag
J050319.34-652057.4,75.8306049,-65.3492947,13.661,12.082,9.168,7.357,0.023,0.021,0.022,0.068,46.5,52.6,48.8,15.9,167.0,-144.0,AAAA,1.5790005,9.168,13.661,2445.9,2.3699193,1.6516539,0.73209834,10.319337,0,0,-0.3291384,-1.4684882,-1.5542157,2.3897142,0,0,-0.6931789,-1.5191076,-1.9978565,0.56951165,1,1,1,1,0,4,20.63867378234864,220.51077071199947,27.15636902668172,0,999.9,266.9078389111745,2.6890353607019058e-17,,,,,,False,,,,0.0,NO_SPECTRUM,False,False,2460.499763488769,False,99.0,99.0,99.0,,0.0,False,False,111.5,275.7169068377607,-35.67008467352079,high,halo,47.83677084203778,-10.0,HIGH_PM|HALO
J183821.26+652746.7,279.5886175,65.462999,13.905,11.613,7.516,5.871,0.023,0.02,0.015,0.029,46.4,54.6,74.0,37.3,336.0,-227.0,AAAA,2.2919998,7.516,13.905,2533.44,3.8478198,3.2492366,0.5859105,17.003223,0,0,1.9898441,-3.8240244,-1.3502824,17.033604,0,1,1.6791743,-3.7820203,-1.7732562,15.480255,1,1,1,1,0,4,34.006446838378906,405.493526458808,49.59500070883392,0,999.9,288.52525758474764,8.654401446545824e-17,,,,,,False,,,,0.0,NO_SPECTRUM,False,False,2104.0000915527344,False,99.0,99.0,99.0,,0.0,False,False,111.4,95.50142622418821,25.842137038550376,high,thick_disk,26.014036028815926,-15.0,HIGH_PM
J071217.21-565118.6,108.0717308,-56.8551879,13.351,11.808,8.81,7.005,0.023,0.021,0.021,0.068,46.3,52.6,52.1,16.1,283.0,93.0,AAAA,1.5430002,8.81,13.351,2435.38,2.2952983,1.997861,0.91782933,10.800516,0,0,-0.4462268,-1.9789491,-1.813312,2.6824174,0,0,-0.81296206,-2.0094962,-2.2832105,0.8487411,1,1,1,1,0,4,21.60103225708008,297.88924116187883,28.267111675656285,0,999.9,267.4258655033317,3.701382436091166e-17,,,,,,False,,,,0.0,NO_SPECTRUM,False,False,2478.4998893737798,False,99.0,99.0,99.0,,0.0,False,False,111.3,267.5900190337767,-19.729818695905266,high,thick_disk,35.41089018726521,-15.0,HIGH_PM
J013309.43-624709.8,23.2893311,-62.786058,13.584,12.034,8.956,7.329,0.024,0.022,0.029,0.09,46.0,49.9,37.9,12.0,116.0,-127.0,AAAA,1.5499992,8.956,13.584,2295.4,2.3098059,1.8566705,0.7782318,10.492655,0,0,-0.42346296,-1.7707723,-1.6185724,2.374258,0,0,-0.78967434,-1.8095055,-2.0687351,0.54320115,1,1,1,1,0,4,20.98530960083008,172.00290695217916,27.490752219437876,0,999.9,300.3012086579778,2.0051806508148136e-17,,,,,,False,,,,0.0,NO_SPECTRUM,False,False,2475.0003814697266,False,99.0,99.0,99.0,,0.0,False,False,111.0,294.8958192586497,-53.68644529767089,moderate,halo,61.32758680458692,5.0,HALO
J193547.43+601201.5,293.94766,60.2004281,13.57,12.042,9.066,7.137,0.024,0.021,0.023,0.06,46.0,52.1,46.2,18.2,170.0,-255.0,AAAA,1.5279999,9.066,13.57,2396.6,2.2642057,1.7502942,0.7866196,10.204678,0,0,-0.4950144,-1.6139272,-1.6302733,1.8121362,0,1,-0.86287254,-1.6588277,-2.0816221,-0.027154505,1,1,1,1,0,4,20.40935516357422,306.4718584144391,26.646453693375395,0,999.9,250.5057090423649,3.940750132277341e-17,,,,,,False,,,,0.0,NO_SPECTRUM,False,False,2486.000061035156,False,99.0,99.0,99.0,,0.0,False,False,111.0,92.06332446070319,18.09700069010657,high,thick_disk,34.41922289806583,-15.0,HIGH_PM
J160736.59+064143.6,241.902468,6.6954665,13.665,11.833,8.668,6.839,0.024,0.022,0.027,0.081,45.0,48.3,40.8,13.4,-148.0,-215.0,AAAA,1.8319998,8.668,13.665,2173.5,2.8943348,2.1351838,0.72970194,12.615482,0,0,0.49372485,-2.1814227,-1.5508728,7.4686937,0,1,0.14862232,-2.2040083,-1.9941748,5.743181,1,1,1,1,0,4,25.23096466064453,261.01532522057016,34.4755891030661,0,999.9,263.23135520576494,4.512101997233191e-17,,,,,,False,,,,0.0,NO_SPECTRUM,False,False,2334.0001106262207,False,99.0,99.0,99.0,,0.0,False,False,110.0,18.49541294844537,39.2396926950967,high,halo,40.4134247590139,-10.0,HIGH_PM|HALO
J091207.70+295011.9,138.0321094,29.836664,12.375,10.645,7.868,6.262,0.024,0.021,0.021,0.058,44.9,52.8,52.1,18.8,220.0,246.0,AAAA,1.7299995,7.868,12.375,2370.72,2.6829093,2.9088316,1.5025817,13.914557,0,0,0.16197594,-3.322118,-2.6290467,8.130125,0,1,-0.19076172,-3.29985,-3.1816134,6.366436,1,1,1,1,0,4,27.82911491394043,330.0242415338607,37.45798589125233,0,999.9,315.31711659645754,4.63996637467337e-17,,,,,,False,,,,0.0,NO_SPECTRUM,False,False,2385.000228881836,False,99.0,99.0,99.0,,0.0,False,False,109.9,196.06782540636763,42.18910989451765,high,halo,31.962873871702453,-10.0,HIGH_PM|HALO
J142032.17+801007.8,215.134058,80.1688481,13.824,12.132,8.763,7.017,0.024,0.022,0.021,0.066,44.7,50.2,51.4,16.5,292.0,-157.0,AAAA,1.6920004,8.763,13.824,2243.94,2.6041448,2.0433137,0.6344398,11.511845,0,0,0.038386237,-2.0459661,-1.4179813,4.9129987,0,1,-0.3171958,-2.0738783,-1.8478156,3.1350884,1,1,1,1,0,4,23.02368927001953,331.53129565698623,30.81490756088928,0,999.9,274.9169860124502,3.4040235528635225e-17,,,,,,False,,,,0.0,NO_SPECTRUM,False,False,2403.9998054504395,False,99.0,99.0,99.0,,0.0,False,False,109.7,118.33462152408701,36.15057425367026,high,halo,31.817579048901983,-10.0,HIGH_PM|HALO
J183905.95-571505.1,279.7748156,-57.2514194,13.046,11.209,7.74,5.848,0.024,0.021,0.018,0.045,44.6,51.4,59.4,24.0,-26.0,-197.0,AAAA,1.8369999,7.74,13.046,2292.44,2.9046988,3.0326154,1.1005647,14.3635845,0,0,0.50998735,-3.5046299,-2.0682294,9.715733,0,0,0.16525912,-3.475185,-2.5639617,7.992091,1,1,1,1,0,4,28.727169036865234,198.70832896484237,39.28153036646614,0,999.9,254.1682303321605,1.241648564985457e-16,,,,,,False,,,,0.0,NO_SPECTRUM,False,False,2331.5000534057617,False,99.0,99.0,99.0,,0.0,False,False,109.6,338.27124210499034,-20.95282166145832,moderate,thick_disk,53.08546079423482,0.0,NORMAL
J054235.56-713535.8,85.6482028,-71.5932884,13.004,9.864,5.735,4.275,0.025,0.02,0.012,0.017,44.3,55.3,87.9,62.6,420.0,334.0,AAAA,3.1399994,5.735,13.004,2449.7899999999995,5.605548,4.9715695,1.1257281,25.399727,0,0,4.7479057,-6.3634963,-2.1033325,34.808395,0,0,4.500712,-6.221637,-2.6026223,33.572426,1,1,1,1,0,4,50.79945373535156,536.6153184544772,82.70150458521789,0,999.9,324.14534597832017,2.815994094704694e-16,,,,,,False,,,,0.0,NO_SPECTRUM,False,False,1244.000244140625,False,99.0,99.0,99.0,,0.0,False,False,109.3,282.31788523510915,-31.05152803550457,very_high,halo,19.65751413346192,-25.0,HIGH_PM|HALO
J104200.37-060111.5,160.5015682,-6.0198695,13.571,11.693,8.243,6.586,0.025,0.023,0.024,0.08,43.9,47.1,46.2,13.5,184.0,242.0,AAAA,1.8780003,8.243,13.571,2067.69,2.9896843,2.546184,0.7860202,13.574349,0,0,0.6433383,-2.7874174,-1.6294372,9.095079,0,1,0.3016791,-2.7861743,-2.080701,7.386784,1,1,1,1,0,4,27.14869880676269,304.00657887618155,37.34575170750469,0,999.9,289.7384603554652,4.403099724015463e-17,,,,,,False,,,,0.0,NO_SPECTRUM,False,False,2310.999870300293,False,99.0,99.0,99.0,,0.0,False,False,108.9,254.76183192259512,44.41301853362795,high,halo,34.698338587755856,-10.0,HIGH_PM|HALO
J055348.26-573136.0,88.4510918,-57.5266895,13.95,11.13,8.062,6.488,0.025,0.021,0.019,0.054,43.9,52.7,57.0,20.3,122.0,356.0,AAAA,2.8199997,8.062,13.95,2313.53,4.9422545,2.7212217,0.55894953,19.467546,0,0,3.7071283,-3.0454993,-1.3126717,24.537035,0,0,3.4359813,-3.0341082,-1.7318338,23.181301,1,1,1,1,0,4,38.93509292602539,376.3243282064023,60.894483000198136,0,999.9,314.12869994433674,3.858116355357104e-17,,,,,,False,,,,0.0,NO_SPECTRUM,False,False,1372.0001220703125,False,99.0,99.0,99.0,,0.0,False,False,108.9,265.92485732163925,-30.237716542118754,high,halo,28.030404669892917,-10.0,HIGH_PM|HALO
J100443.67+002609.8,151.1819799,0.4360578,13.277,11.625,8.606,6.861,0.025,0.022,0.026,0.107,43.8,50.0,42.3,10.1,141.0,202.0,AAAA,1.6520004,8.606,13.277,2190.0,2.5212333,2.1951416,0.96216476,11.818577,0,0,-0.09171095,-2.269827,-1.8751603,4.8938932,0,1,-0.45028713,-2.2889364,-2.3513265,3.1010122,1,1,1,1,0,4,23.63715362548828,246.3432564532669,31.446871074321898,0,999.9,277.007332887972,3.836503016847975e-17,,,,,,False,,,,0.0,NO_SPECTRUM,False,False,2423.999786376953,False,99.0,99.0,99.0,,0.0,False,False,108.8,239.5887122946359,41.926949772541555,high,halo,42.8204260941569,-10.0,HIGH_PM|HALO
J043338.57-731619.4,68.4107443,-73.2720817,14.103,10.432,5.502,3.798,0.025,0.021,0.015,0.021,43.8,52.9,73.8,52.7,296.0,69.0,AAAA,3.6709995,5.502,14.103,2317.02,6.7062016,5.1968946,0.46728247,28.38123,0,0,6.474948,-6.6957245,-1.1847954,43.235813,0,0,6.267502,-6.5408006,-1.5909982,42.19858,1,1,1,1,0,4,56.76245880126953,303.9358484943821,98.43745037691576,0,999.9,277.6539536403536,6.475350905856407e-16,,,,,,False,,,,0.0,NO_SPECTRUM,False,False,1031.6001892089844,False,99.0,99.0,99.0,,0.0,False,False,108.8,285.96780321174714,-35.562513911289756,high,halo,34.70641340600541,-10.0,HIGH_PM|HALO
J133152.18-304910.9,202.9674238,-30.819711,13.685,11.369,8.588,6.811,0.025,0.021,0.026,0.079,43.5,51.6,42.1,13.8,79.0,26.0,AAAA,2.316,8.588,13.685,2244.6,3.8975673,2.2125485,0.7177191,15.729243,0,0,2.067903,-2.2954922,-1.5341566,15.482331,0,0,1.7590297,-2.3135924,-1.9757645,13.937964,1,1,1,1,0,4,31.45848655700684,83.16850365372699,46.03005753021241,0,999.9,273.1216902417386,4.165507138132848e-17,,,,,,False,,,,0.0,NO_SPECTRUM,False,False,2092.0000076293945,False,99.0,99.0,99.0,,0.0,False,False,108.5,313.0865128956717,31.253559222106876,moderate,halo,126.83314888854981,5.0,HALO
J233049.80+220729.3,352.7075188,22.124818,13.603,11.835,8.654,6.898,0.025,0.022,0.026,0.089,43.4,48.6,42.4,12.2,120.0,-251.0,AAAA,1.7679996,8.654,13.603,2109.24,2.7616756,2.1487224,0.76684827,12.274959,0,0,0.2855687,-2.2013848,-1.6026922,6.4921365,0,1,-0.06432447,-2.2231855,-2.0512457,4.7426705,1,1,1,1,0,4,24.549917221069336,278.2103520719529,33.23076598644607,0,999.9,274.194720869599,3.819455182529823e-17,,,,,,False,,,,0.0,NO_SPECTRUM,False,False,2366.000175476074,False,99.0,99.0,99.0,,0.0,False,False,108.4,99.36786148666084,-37.03106245074459,high,halo,37.91563875388401,-10.0,HIGH_PM|HALO
J022929.28-704728.3,37.3720214,-70.7911966,14.09,12.188,8.702,7.065,0.025,0.021,0.022,0.081,43.2,51.9,48.7,13.5,77.0,-659.0,AAAA,1.9020004,8.702,14.09,2242.08,3.0394316,2.1023042,0.47507092,12.746822,0,0,0.7213972,-2.1329439,-1.1956602,8.286665,0,0,0.38153455,-2.157436,-1.6029642,6.5873523,1,1,1,1,0,4,25.49364471435547,663.4832326442018,35.191429203187866,0,999.9,293.2601632885946,2.7450011886598707e-17,,,,,,False,,,,0.0,NO_SPECTRUM,False,False,2298.999786376953,False,99.0,99.0,99.0,,0.0,False,False,108.2,291.9575595715385,-44.18859436768503,very_high,halo,15.898703520677792,-25.0,HIGH_PM|HALO
J070016.24-693931.3,105.0676841,-69.6587003,14.847,12.752,9.021,7.133,0.025,0.022,0.023,0.057,42.7,50.1,46.8,19.2,-16.0,-53.0,AAAA,2.0950003,9.021,14.847,2139.27,3.4394805,1.793812,0.02152832,13.030687,0,0,1.3491162,-1.6780914,-0.5629645,10.354733,0,0,1.0237004,-1.7204689,-0.9061493,8.7276535,1,1,1,1,0,4,26.06137466430664,55.36244214266564,36.98109221233361,0,999.9,254.27810717112663,3.8001842291374285e-17,,,,,,False,,,,0.0,NO_SPECTRUM,False,False,2202.499866485596,False,99.0,99.0,99.0,,0.0,False,False,107.7,280.4803528586497,-24.558851129315702,moderate,thick_disk,190.53572780565122,0.0,NORMAL
J025220.16-430049.3,43.0840152,-43.0137145,13.886,12.079,8.801,7.023,0.025,0.022,0.024,0.069,42.6,48.6,44.9,15.7,84.0,-71.0,AAAA,1.8069992,8.801,13.886,2070.36,2.8425138,2.0065653,0.59729403,12.134684,0,0,0.41241217,-1.991783,-1.3661625,6.6724854,0,0,0.06543824,-2.0218256,-1.7907456,4.937616,1,1,1,1,0,4,24.26936721801757,109.98636279102968,33.04031264751037,0,999.9,270.3112722767645,3.542303485109301e-17,,,,,,False,,,,0.0,NO_SPECTRUM,False,False,2346.500396728516,False,99.0,99.0,99.0,,0.0,False,False,107.6,253.85002875495655,-60.84997574231773,moderate,halo,95.90755561935335,5.0,HALO
J065027.17-555224.5,102.6132428,-55.8734771,14.611,12.624,8.872,6.99,0.026,0.022,0.022,0.068,42.5,49.0,49.6,15.9,164.0,143.0,AAAA,1.9870005,8.872,14.611,2082.5,3.215619,1.937904,0.16292341,12.716637,0,0,0.9978542,-1.8905462,-0.7602118,9.028003,0,0,0.664354,-1.9245695,-1.1233863,7.360502,1,1,1,1,0,4,25.433273315429688,217.5890622251036,35.54045867430878,0,999.9,255.0063054407891,4.300467139312979e-17,,,,,,False,,,,0.0,NO_SPECTRUM,False,False,2256.499767303467,False,99.0,99.0,99.0,,0.0,False,False,107.5,265.60164078316217,-22.309497613917234,high,thick_disk,48.4791059756406,-15.0,HIGH_PM
J115746.32+150551.9,179.4430055,15.0977705,13.65,11.941,8.859,7.039,0.026,0.023,0.03,0.108,42.4,48.2,35.8,10.0,145.0,183.0,AAAA,1.7089996,8.859,13.65,2043.68,2.639381,1.9504753,0.7386891,11.582545,0,0,0.09367514,-1.9090818,-1.5634099,5.1080155,0,1,-0.26063442,-1.9423764,-2.0079825,3.3364677,1,1,1,1,0,4,23.16509056091309,233.4823333787805,31.08291666142594,0,999.9,264.823106479168,3.6885458638628665e-17,,,,,,False,,,,0.0,NO_SPECTRUM,False,False,2395.5001831054688,False,99.0,99.0,99.0,,0.0,False,False,107.4,254.17589049552518,72.66649636339686,high,halo,45.1791065049795,-10.0,HIGH_PM|HALO
J000300.44-221910.2,0.7518643,-22.3195223,13.456,11.539,7.821,5.951,0.026,0.021,0.019,0.053,42.4,51.4,55.7,20.4,-10.0,-393.0,AAAA,1.9170008,7.821,13.456,2179.36,3.0705242,2.9542832,0.85492027,14.497918,0,0,0.7701849,-3.389134,-1.7255534,10.614411,0,1,0.43144497,-3.3642304,-2.186558,8.9207115,1,1,1,1,0,4,28.99583625793457,393.1272058761642,40.11284451856048,0,999.9,256.55882706134247,1.1007335072825559e-16,,,,,,False,,,,0.0,NO_SPECTRUM,False,False,2291.499614715576,False,99.0,99.0,99.0,,0.0,False,False,107.4,53.92255101250171,-78.00503291816705,high,halo,26.832340904114016,-10.0,HIGH_PM|HALO
J222345.27-284104.4,335.9386529,-28.6845737,13.822,11.883,8.519,6.818,0.026,0.023,0.028,0.093,42.2,46.4,39.2,11.7,-204.0,-84.0,AAAA,1.9389992,8.519,13.822,1958.08,3.1161225,2.2792757,0.63563854,13.402919,0,0,0.8417332,-2.3938775,-1.4196535,9.402856,0,1,0.50464,-2.408109,-1.8496574,7.71739,1,1,1,1,0,4,26.805837631225582,220.6173157302028,37.20113717568084,0,999.9,282.37406218796866,3.8043923915078784e-17,,,,,,False,,,,0.0,NO_SPECTRUM,False,False,2280.5004119873047,False,99.0,99.0,99.0,,0.0,False,False,107.2,21.41514620242388,-57.46483475518331,high,halo,47.813668532034214,-10.0,HIGH_PM|HALO
J163051.99+111410.9,247.7166507,11.2363685,13.805,11.921,8.275,6.576,0.026,0.022,0.023,0.059,42.1,49.1,47.8,18.6,-133.0,-190.0,AAAA,1.8840008,8.275,13.805,2067.11,3.0021222,2.5152388,0.64582336,13.425048,0,0,0.6628546,-2.74179,-1.4338614,8.990574,0,1,0.32164454,-2.7423413,-1.8653052,7.284524,1,1,1,1,0,4,26.850095748901367,231.9245566989404,36.96721612310272,0,999.9,281.3088264350752,4.814940124528528e-17,,,,,,False,,,,0.0,NO_SPECTRUM,False,False,2307.999610900879,False,99.0,99.0,99.0,,0.0,False,False,107.1,26.951565586478935,36.25100638980232,high,halo,45.48256276477017,-10.0,HIGH_PM|HALO
J070309.70-333124.8,105.7904267,-33.5235725,13.88,11.932,8.47,6.683,0.026,0.021,0.021,0.089,42.0,51.8,51.9,12.2,323.0,460.0,AAAA,1.948,8.47,13.88,2175.6,3.1347792,2.3266613,0.60088855,13.495218,0,0,0.8710076,-2.4637446,-1.371177,9.609249,0,0,0.53458816,-2.475229,-1.7962682,7.927152,1,1,1,1,0,4,26.99043655395508,562.0756176885811,37.50591063537598,0,999.9,268.3321504387535,4.9493062006338384e-17,,,,,,False,,,,0.0,NO_SPECTRUM,False,False,2276.000022888184,False,99.0,99.0,99.0,,0.0,False,False,107.0,244.46999790606014,-12.350605375935857,very_high,thick_disk,18.767089115392796,-30.0,HIGH_PM
J143046.35-025927.8,217.6931509,-2.9910653,13.997,10.629,6.104,4.495,0.026,0.02,0.015,0.024,42.0,55.2,71.9,44.4,-5.0,55.0,AAAA,3.368,6.104,13.997,2318.4,6.078146,4.6147246,0.5307904,25.687315,0,0,5.4894624,-5.837351,-1.2733895,37.207554,0,1,5.2593355,-5.71618,-1.6885706,36.05692,1,1,1,1,0,4,51.374629974365234,55.22680508593631,85.98058072509765,0,999.9,293.2347791353745,2.9567884520676633e-16,,,,,,False,,,,0.0,NO_SPECTRUM,False,False,1152.7999877929688,False,99.0,99.0,99.0,,0.0,False,False,107.0,345.3083795509457,51.51747198156467,moderate,halo,191.00368363400528,5.0,HALO
J172400.49+271007.7,261.0020721,27.1688197,14.124,12.213,8.602,6.679,0.026,0.023,0.021,0.058,42.0,47.9,52.6,18.8,-175.0,-198.0,AAAA,1.9109993,8.602,14.124,2011.8,3.0580845,2.1990097,0.45470077,12.927468,0,0,0.7506655,-2.27553,-1.1672437,8.606047,0,1,0.41147637,-2.2944152,-1.5716678,6.9101024,1,1,1,1,0,4,25.854936599731445,264.25177388240934,35.73668974845768,0,999.9,250.18746926374027,6.042521788491292e-17,,,,,,False,,,,0.0,NO_SPECTRUM,False,False,2294.5003509521484,False,99.0,99.0,99.0,,0.0,False,False,107.0,50.11607663441662,30.198065282673095,high,halo,39.91845750653349,-10.0,HIGH_PM|HALO
J141230.76+340136.8,213.1281935,34.0269093,13.868,12.086,9.012,7.281,0.026,0.023,0.025,0.093,41.9,48.2,42.9,11.7,36.0,42.0,AAAA,1.7819996,9.012,13.868,2019.58,2.7906947,1.8025154,0.6080782,11.683935,0,0,0.33110258,-1.690924,-1.3812066,5.868622,0,1,-0.017742656,-1.7327969,-1.8073142,4.124396,1,1,1,1,0,4,23.367870330810547,55.31726674375732,31.6961774472818,0,999.9,279.0373443426725,2.556111685588301e-17,,,,,,False,,,,0.0,NO_SPECTRUM,False,False,2359.0002059936523,False,99.0,99.0,99.0,,0.0,False,False,106.9,59.490712998378534,71.27792446680897,moderate,halo,190.6913307126021,5.0,HALO
J141629.02+342726.0,214.12092,34.4572244,14.13,12.284,8.748,7.095,0.026,0.023,0.026,0.103,41.7,46.7,42.0,10.6,27.0,6.0,AAAA,1.8459997,8.748,14.13,1947.3900000000003,2.9233537,2.057819,0.45110568,12.307896,0,0,0.5392587,-2.0673532,-1.1622286,7.263037,0,1,0.19520412,-2.0944245,-1.5661443,5.542764,1,1,1,1,0,4,24.61579132080078,27.65863337187866,33.70393999949295,0,999.9,289.891786052315,2.754283341310638e-17,,,,,,False,,,,0.0,NO_SPECTRUM,False,False,2327.000141143799,False,99.0,99.0,99.0,,0.0,False,False,106.7,60.05476347737539,70.37000114520569,low,halo,381.3826614252042,15.0,HALO|LOW_PM
J013357.89-703638.5,23.4912423,-70.6106995,14.19,12.182,8.825,7.258,0.026,0.023,0.023,0.106,41.6,48.2,46.5,10.2,158.0,-130.0,AAAA,2.0079994,8.825,14.19,2005.12,3.2591457,1.9833558,0.4151581,13.167629,0,0,1.0661519,-1.9575619,-1.1120814,9.712628,0,0,0.7342236,-1.9889501,-1.5109152,8.052988,1,1,1,1,0,4,26.33525848388672,204.60694025374605,36.91149513078461,0,999.9,309.9675604853347,1.9829459855384887e-17,,,,,,False,,,,0.0,NO_SPECTRUM,False,False,2246.000289916992,False,99.0,99.0,99.0,,0.0,False,False,106.6,297.8645207123128,-46.09685486849825,high,halo,51.555060613629045,-10.0,HIGH_PM|HALO
J223900.22+330237.4,339.7509425,33.0437245,13.854,12.119,8.823,7.223,0.026,0.022,0.027,0.099,41.6,49.3,39.7,11.0,11.0,-304.0,AAAA,1.7349997,8.823,13.854,2050.88,2.6932735,1.9852897,0.616466,11.674221,0,0,0.17823847,-1.9604135,-1.3929076,5.4782376,0,1,-0.1741249,-1.9916896,-1.820201,3.716421,1,1,1,1,0,4,23.34844207763672,304.19894805866767,31.450350077670134,0,999.9,303.14976620861563,2.167396197249223e-17,,,,,,False,,,,0.0,NO_SPECTRUM,False,False,2382.500171661377,False,99.0,99.0,99.0,,0.0,False,False,106.6,93.31520316668791,-22.10281922853698,high,thick_disk,34.67639606931406,-15.0,HIGH_PM
J110700.87-255107.4,166.7536484,-25.8520653,13.81,12.046,8.622,6.723,0.026,0.022,0.023,0.078,41.4,50.4,46.6,13.9,306.0,120.0,AAAA,1.7640009,8.622,13.81,2086.56,2.753387,2.179669,0.64282763,12.172492,0,0,0.27256304,-2.2470133,-1.4296823,6.36498,0,1,-0.07762948,-2.26702,-1.8607025,4.614018,1,1,1,1,0,4,24.34498405456543,328.6883021952561,32.933898811113245,0,999.9,253.3699742970349,5.595011967535978e-17,,,,,,False,,,,0.0,NO_SPECTRUM,False,False,2367.99955368042,False,99.0,99.0,99.0,,0.0,False,False,106.4,275.3039445961676,31.357857379394094,high,halo,32.09278558530733,-10.0,HIGH_PM|HALO
J005832.22+064701.7,14.6342573,6.7838242,13.854,12.041,8.522,6.784,0.026,0.023,0.025,0.081,41.2,47.9,44.2,13.3,47.0,-187.0,AAAA,1.8129997,8.522,13.854,1973.48,2.8549516,2.2763743,0.616466,12.595881,0,0,0.43192846,-2.3895996,-1.3929076,7.328857,0,1,0.08540369,-2.4039993,-1.820201,5.5962334,1,1,1,1,0,4,25.191762924194336,192.81597444195333,34.326294649001426,0,999.9,275.5563874309162,4.1973387952146667e-17,,,,,,False,,,,0.0,NO_SPECTRUM,False,False,2343.5001373291016,False,99.0,99.0,99.0,,0.0,False,False,106.2,126.08823779096033,-56.04441308223736,moderate,halo,54.70772448849489,5.0,HALO
J231029.40-060547.3,347.6225084,-6.0964906,13.988,12.24,8.772,6.911,0.027,0.024,0.028,0.103,40.9,45.9,38.9,10.6,-38.0,-161.0,AAAA,1.7480001,8.772,13.988,1877.31,2.7202208,2.0346093,0.53618246,11.748759,0,0,0.22052169,-2.0331323,-1.2809114,5.7080097,0,1,-0.13086855,-2.061549,-1.6968548,3.9510584,1,1,1,1,0,4,23.49751853942871,165.42369842317032,31.71225149076336,0,999.9,258.13181545990386,4.46582610246021e-17,,,,,,False,,,,0.0,NO_SPECTRUM,False,False,2375.999927520752,False,99.0,99.0,99.0,,0.0,False,False,105.9,69.59758321834929,-58.09380920022918,moderate,halo,63.76669913259273,5.0,HALO
J005800.27-080633.8,14.5011344,-8.1094057,13.925,12.053,8.462,6.54,0.027,0.023,0.024,0.065,40.7,47.4,44.8,16.6,25.0,-303.0,AAAA,1.8719997,8.462,13.925,1929.18,2.9772463,2.3343983,0.5739276,13.007264,0,0,0.62382203,-2.4751523,-1.3335662,8.361835,0,1,0.28171366,-2.486188,-1.7548459,6.6512923,1,1,1,1,0,4,26.014528274536133,304.02960382173313,35.75436609965077,0,999.9,250.3318966954704,6.856192752567057e-17,,,,,,False,,,,0.0,NO_SPECTRUM,False,False,2314.000129699707,False,99.0,99.0,99.0,,0.0,False,False,105.7,127.90876387672782,-70.9176742427724,high,halo,34.6957107931376,-10.0,HIGH_PM|HALO
J064954.38-350303.3,102.4766032,-35.0509345,14.236,12.441,9.014,7.431,0.027,0.022,0.025,0.091,40.6,48.6,43.3,12.0,220.0,306.0,AAAA,1.7950001,9.014,14.236,1973.16,2.817642,1.8005813,0.38759777,11.541395,0,0,0.3733858,-1.6880724,-1.0736345,5.855689,0,0,0.025513696,-1.7300575,-1.4685719,4.1163287,1,1,1,1,0,4,23.08279037475586,376.8766376415497,31.369512580949017,0,999.9,305.20474367959,1.7632280856567908e-17,,,,,,False,,,,0.0,NO_SPECTRUM,False,False,2352.499961853028,False,99.0,99.0,99.0,,0.0,False,False,105.6,244.7855545068097,-15.470498961700494,high,thick_disk,27.989326355601374,-15.0,HIGH_PM
J124435.69-381452.5,191.1487242,-38.2479408,14.375,12.676,9.197,7.416,0.027,0.024,0.029,0.096,39.9,45.6,37.7,11.4,-55.0,5.0,AAAA,1.6990004,9.197,14.375,1819.44,2.6186545,1.6236099,0.30431852,10.595696,0,0,0.06115317,-1.427139,-0.9574592,3.857304,0,0,-0.2939049,-1.4793843,-1.3406231,2.0820138,1,1,1,1,0,4,21.19139289855957,55.22680508593631,28.392229900801546,0,999.9,269.17338271401536,2.4983822829085166e-17,,,,,,False,,,,0.0,NO_SPECTRUM,False,False,2400.4998207092285,False,99.0,99.0,99.0,,0.0,False,False,104.9,301.45428655279113,24.604175393425933,moderate,thick_disk,191.00368363400528,0.0,NORMAL
J081203.49-134253.5,123.0145435,-13.7148837,14.101,12.322,9.018,7.206,0.027,0.022,0.03,0.097,39.9,49.5,36.8,11.2,179.0,311.0,AAAA,1.7790003,9.018,14.101,1975.05,2.7844777,1.7967134,0.46848068,11.516985,0,0,0.32134753,-1.6823694,-1.1864668,5.668645,0,1,-0.027722206,-1.7245786,-1.592839,3.9232962,1,1,1,1,0,4,23.03396987915039,358.83422356291493,31.22945774419029,0,999.9,265.21340190468027,3.154278394639449e-17,,,,,,False,,,,0.0,NO_SPECTRUM,False,False,2360.499858856201,False,99.0,99.0,99.0,,0.0,False,False,104.9,234.6706871584939,10.941297708855517,high,thick_disk,29.39664757172072,-15.0,HIGH_PM
J152010.51-093312.1,230.043816,-9.5533639,13.894,11.956,8.423,6.975,0.027,0.022,0.026,0.099,39.6,48.3,41.3,10.9,-181.0,-232.0,AAAA,1.9379997,8.423,13.894,1912.68,3.1140506,2.3721132,0.59250075,13.492823,0,0,0.83848256,-2.5307605,-1.359476,9.52914,0,1,0.5013145,-2.5396097,-1.7833813,7.8433,1,1,1,1,0,4,26.985645294189453,294.2532922500613,37.44527979107856,0,999.9,339.5297369198568,2.0497458391143102e-17,,,,,,False,,,,0.0,NO_SPECTRUM,False,False,2281.0001373291016,False,99.0,99.0,99.0,,0.0,False,False,104.6,352.60366481267556,38.57495127295273,high,halo,35.84844582736817,-10.0,HIGH_PM|HALO
J154303.47+575524.1,235.7644876,57.9233786,14.691,12.664,9.129,7.366,0.028,0.023,0.025,0.09,39.4,47.7,43.2,12.1,83.0,6.0,AAAA,2.0270004,9.129,14.691,1879.38,3.2985308,1.6893698,0.11499293,12.544641,0,0,1.1279514,-1.5240979,-0.6933484,9.13349,0,1,0.79744536,-1.5725306,-1.0497468,7.4809594,1,1,1,1,0,4,25.08928108215332,83.21658488546619,35.26047764000076,0,999.9,271.6505892532498,2.5526656588179148e-17,,,,,,False,,,,0.0,NO_SPECTRUM,False,False,2236.499786376953,False,99.0,99.0,99.0,,0.0,False,False,104.4,90.85056075834957,47.102016952006146,moderate,halo,126.75986669327206,5.0,HALO
J213213.86-610413.7,323.05776,-61.0704869,14.458,12.454,8.685,7.111,0.028,0.024,0.023,0.091,38.7,45.4,46.5,12.0,1.0,-341.0,AAAA,2.0039997,8.685,14.458,1756.98,3.250855,2.1187434,0.25459048,13.18527,0,0,1.053143,-2.1571827,-0.88808817,9.757792,0,0,0.7209154,-2.1807215,-1.2642219,8.096654,1,1,1,1,0,4,26.370540618896484,341.0014662725074,36.93985171671776,0,999.9,303.43287883993247,2.418600787034252e-17,,,,,,False,,,,0.0,NO_SPECTRUM,False,False,2248.000144958496,False,99.0,99.0,99.0,,0.0,False,False,103.7,333.064191013834,-42.6061202323738,high,halo,30.93395263679401,-10.0,HIGH_PM|HALO
J024218.54-170912.1,40.5772863,-17.1533764,14.451,12.609,8.758,6.877,0.028,0.024,0.022,0.068,38.3,45.6,48.6,16.1,11.0,25.0,AAAA,1.842,8.758,14.451,1746.48,2.9150631,2.0481482,0.25878438,12.076196,0,0,0.52624995,-2.0530944,-0.8939387,6.98633,0,1,0.18189594,-2.0807261,-1.2706653,5.26456,1,1,1,1,0,4,24.15239143371582,27.31300056749533,33.05013243789673,0,999.9,255.01277614772647,4.77292417834615e-17,,,,,,False,,,,0.0,NO_SPECTRUM,False,False,2328.9999961853027,False,99.0,99.0,99.0,,0.0,False,False,103.3,197.43570603270882,-62.53585724407749,low,halo,386.20887443998544,15.0,HALO|LOW_PM
J013401.19+143639.5,23.5049749,14.6109978,14.246,12.142,8.608,6.713,0.029,0.023,0.025,0.064,38.0,46.3,44.2,17.0,-10.0,222.0,AAAA,2.104,8.608,14.246,1759.4,3.4581351,2.1932077,0.3816063,14.045823,0,0,1.3783876,-2.2669754,-1.0652764,11.659959,0,1,1.0536454,-2.2861972,-1.4593668,10.036248,1,1,1,1,0,4,28.091646194458008,222.2251110923336,39.91261091308594,0,999.9,253.68885173828647,5.628650028426223e-17,,,,,,False,,,,0.0,NO_SPECTRUM,False,False,2197.999954223633,False,99.0,99.0,99.0,,0.0,False,False,103.0,138.12729698326186,-47.00053542838185,high,halo,47.467737353805106,-10.0,HIGH_PM|HALO
J081416.82-795126.3,123.5701191,-79.8573154,14.775,12.573,8.697,6.886,0.029,0.023,0.021,0.06,37.6,48.1,51.0,18.0,-41.0,383.0,AAAA,2.2019997,8.697,14.775,1808.56,3.661268,2.1071396,0.0646661,14.209179,0,0,1.6971246,-2.1400735,-0.62314206,12.764568,0,0,1.3797181,-2.1642852,-0.97242546,11.177535,1,1,1,1,0,4,28.418357849121094,385.1882656571978,40.93380094077256,0,999.9,264.03007153448374,4.298888649351871e-17,,,,,,False,,,,0.0,NO_SPECTRUM,False,False,2149.00016784668,False,99.0,99.0,99.0,,0.0,False,False,102.6,292.6105269393454,-23.16818679016081,high,thick_disk,27.385370083259023,-15.0,HIGH_PM
J141359.15+764336.8,213.4964854,76.7268956,15.207,12.844,9.047,7.387,0.029,0.023,0.025,0.082,37.5,47.3,43.9,13.2,281.0,-101.0,AAAA,2.363,9.047,15.207,1773.75,3.9949884,1.7686684,-0.19415885,14.4438095,0,0,2.220767,-1.6410187,-0.26207906,14.447014,0,1,1.9154121,-1.684854,-0.57477134,12.9202385,1,1,1,1,0,4,28.887619018554688,298.6000669792289,42.53990776672363,0,999.9,287.16498222101654,2.1635984361206346e-17,,,,,,False,,,,0.0,NO_SPECTRUM,False,False,2068.50004196167,False,99.0,99.0,99.0,,0.0,False,False,102.5,116.91910211823284,39.421924637505626,high,halo,35.32659357201292,-10.0,HIGH_PM|HALO
J151248.39+373228.3,228.201637,37.5412083,14.881,12.992,9.071,7.351,0.029,0.024,0.024,0.082,37.4,45.1,44.4,13.2,-22.0,51.0,AAAA,1.8889999,9.071,14.881,1686.74,3.0124843,1.7454588,0.00115818,11.656799,0,0,0.67911404,-1.6067977,-0.534548,6.887646,0,1,0.33827817,-1.6519785,-0.874853,5.183467,1,1,1,1,0,4,23.3135986328125,55.54277630799526,32.12147573001709,0,999.9,277.04265266854713,2.460451108595949e-17,,,,,,False,,,,0.0,NO_SPECTRUM,False,False,2305.500030517578,False,99.0,99.0,99.0,,0.0,False,False,102.4,61.27109545823294,58.592374264567496,moderate,halo,189.91710367982844,5.0,HALO
J060501.01-545944.5,91.254209,-54.995711,15.177,13.174,9.251,7.355,0.029,0.024,0.024,0.069,37.2,44.7,45.2,15.8,58.0,354.0,AAAA,2.0030003,9.251,15.177,1662.84,3.2487833,1.5713878,-0.17618506,11.927247,0,0,1.0498924,-1.3501408,-0.28715265,8.216053,0,0,0.7175899,-1.4054139,-0.602386,6.55454,1,1,1,1,0,4,23.85449409484864,358.7199464763564,33.41060586051464,0,999.9,253.09470710443125,3.139625692841019e-17,,,,,,False,,,,0.0,NO_SPECTRUM,False,False,2248.499870300293,False,99.0,99.0,99.0,,0.0,False,False,102.2,263.21332267056835,-28.43770198866603,high,thick_disk,29.406012434957578,-15.0,HIGH_PM
J011130.84-260118.5,17.878536,-26.021813,14.631,12.654,9.07,7.317,0.03,0.025,0.031,0.102,36.4,42.6,35.5,10.7,247.0,-420.0,AAAA,1.9769993,9.07,14.631,1550.64,3.1948888,1.7464262,0.15094107,12.355247,0,0,0.965326,-1.6082242,-0.7434964,8.470424,0,1,0.63107723,-1.6533489,-1.1049768,6.7991796,1,1,1,1,0,4,24.710493087768555,487.24634426540337,34.48101859520321,0,999.9,273.004308114726,2.6355818396406722e-17,,,,,,False,,,,0.0,NO_SPECTRUM,False,False,2261.500358581543,False,99.0,99.0,99.0,,0.0,False,False,101.4,200.21720108698491,-85.37725688392851,high,halo,21.64926085316151,-10.0,HIGH_PM|HALO
J194522.53+391503.7,296.3438829,39.2510402,14.442,12.37,8.659,7.24,0.03,0.025,0.021,0.084,36.1,43.9,52.3,13.0,-168.0,-330.0,AAAA,2.0720005,8.659,14.442,1584.79,3.3918066,2.143887,0.26417646,13.655427,0,0,1.2743111,-2.1942554,-0.9014607,10.923506,0,1,0.94717354,-2.2163365,-1.2789496,9.287818,1,1,1,1,0,4,27.310853958129883,370.30257898102735,38.6284745694643,0,999.9,342.3521908835632,1.586882917622769e-17,,,,,,False,,,,0.0,NO_SPECTRUM,False,False,2213.9997482299805,False,99.0,99.0,99.0,,0.0,False,False,101.1,73.53287281761044,7.342712130426241,high,thin_disk,28.486226684614888,-20.0,HIGH_PM
J023658.58-583351.9,39.2441155,-58.5644205,15.085,12.942,9.172,7.304,0.031,0.024,0.027,0.107,35.3,44.9,39.5,10.1,65.0,-292.0,AAAA,2.1429996,9.172,15.085,1584.9699999999998,3.5389733,1.647786,-0.121064946,12.967534,0,0,1.505231,-1.4627852,-0.36404565,10.700662,0,0,1.183408,-1.5136288,-0.68707156,9.091547,1,1,1,1,0,4,25.935068130493164,299.1471209956733,37.05083625641708,0,999.9,256.7243761141179,3.1606773706834726e-17,,,,,,False,,,,0.0,NO_SPECTRUM,False,False,2178.500175476074,False,99.0,99.0,99.0,,0.0,False,False,100.3,279.9434753927191,-53.5977215964987,high,halo,35.26199139621211,-10.0,HIGH_PM|HALO
J014259.41-340105.6,25.7475679,-34.0182264,14.853,12.745,8.715,7.096,0.031,0.025,0.025,0.084,35.0,44.1,43.4,12.9,-119.0,-397.0,AAAA,2.1079998,8.715,14.853,1543.5,3.466426,2.089732,0.017933792,13.551809,0,0,1.3913964,-2.114407,-0.5579501,11.15438,0,0,1.0669535,-2.139628,-0.9006268,9.532166,1,1,1,1,0,4,27.10361862182617,414.4514446832101,38.53050314864333,0,999.9,293.28925093651486,2.6833253304656732e-17,,,,,,False,,,,0.0,NO_SPECTRUM,False,False,2196.000099182129,False,99.0,99.0,99.0,,0.0,False,False,100.0,247.93891773642295,-76.9553650535215,high,halo,25.451770869839574,-10.0,HIGH_PM|HALO
J233511.78+110741.9,353.7990993,11.12833,14.556,12.226,7.974,6.155,0.031,0.024,0.021,0.053,34.8,44.6,51.1,20.6,150.0,-389.0,AAAA,2.33,7.974,14.556,1552.08,3.9265862,2.8063233,0.19587584,16.18512,0,0,2.113437,-3.1709762,-0.8061808,16.375706,0,1,1.8056116,-3.154651,-1.1740137,14.836581,1,1,1,1,0,4,32.3702392578125,416.9184572551328,47.45477075195313,0,999.9,262.4565397530719,8.57659774598426e-17,,,,,,False,,,,0.0,NO_SPECTRUM,False,False,2085.0000381469727,False,99.0,99.0,99.0,,0.0,False,False,99.8,94.61433400283036,-47.50782854339825,high,halo,25.301166266898797,-10.0,HIGH_PM|HALO
J132546.84+672327.6,201.4451896,67.3910233,15.191,13.022,8.479,6.601,0.031,0.025,0.023,0.053,34.7,43.4,47.6,20.5,428.0,82.0,AAAA,2.1689997,8.479,15.191,1505.98,3.592866,2.317958,-0.18457286,14.070962,0,0,1.5897944,-2.4509122,-0.27545157,12.400315,0,1,1.2699176,-2.462901,-0.5894991,10.800931,1,1,1,1,0,4,28.141923904418945,435.7843503385591,40.34988880564045,0,999.9,254.792251483758,6.176530614563062e-17,,,,,,False,,,,0.0,NO_SPECTRUM,False,False,2165.5001640319824,False,99.0,99.0,99.0,,0.0,False,False,99.7,117.87251958451021,49.39849265324201,high,halo,24.205832996425755,-10.0,HIGH_PM|HALO
J113914.34+214121.3,174.8097894,21.6892504,14.735,12.743,8.864,6.985,0.031,0.026,0.025,0.095,34.5,41.6,43.8,11.4,226.0,322.0,AAAA,1.9919996,8.864,14.735,1435.2,3.2259815,1.94564,0.08863134,12.685036,0,0,1.0141135,-1.9019523,-0.6565738,9.050479,0,1,0.68098766,-1.9355272,-1.0092452,7.384849,1,1,1,1,0,4,25.37007141113281,393.3954753171419,35.47750583172241,0,999.9,255.22639900370245,4.311155694922621e-17,,,,,,False,,,,0.0,NO_SPECTRUM,False,False,2254.000186920166,False,99.0,99.0,99.0,,0.0,False,False,99.5,227.33439700150367,72.70765769310461,high,halo,26.814043039633837,-10.0,HIGH_PM|HALO
J161059.60+522426.9,242.748349,52.407473,15.543,13.433,9.396,7.525,0.032,0.026,0.025,0.084,34.2,42.2,42.6,12.9,-33.0,134.0,AAAA,2.1100006,9.396,15.543,1443.2400000000002,3.470573,1.4311646,-0.39546734,12.162997,0,0,1.3979039,-1.1433905,0.018748,9.456381,0,1,1.0736108,-1.2067933,-0.26548457,7.8349156,1,1,1,1,0,4,24.32599449157715,138.00362314084367,34.59156708614204,0,999.9,256.0421129951102,2.599389042091073e-17,,,,,,False,,,,0.0,NO_SPECTRUM,False,False,2194.9996948242188,False,99.0,99.0,99.0,,0.0,False,False,99.2,81.35820987679932,45.32466383926554,moderate,halo,76.43656714712084,5.0,HALO
J224224.74-231628.6,340.6030964,-23.2746271,14.668,12.388,8.58,6.985,0.032,0.025,0.025,0.098,33.6,43.7,42.8,11.1,-104.0,-225.0,AAAA,2.2800007,8.58,14.668,1468.3200000000002,3.8229482,2.2202852,0.12877281,14.928045,0,0,1.9508177,-2.3068995,-0.7125715,14.323431,0,1,1.6392498,-2.3245513,-1.0709178,12.765593,1,1,1,1,0,4,29.856090545654297,247.87295132789296,43.47047201432533,0,999.9,298.92758675045343,2.824001213619514e-17,,,,,,False,,,,0.0,NO_SPECTRUM,False,False,2109.999656677246,False,99.0,99.0,99.0,,0.0,False,False,98.6,33.23130217572079,-60.64081651567442,high,halo,42.55616899803314,-10.0,HIGH_PM|HALO
J024127.61-334918.4,40.3650664,-33.8217929,15.171,12.93,8.638,6.945,0.033,0.026,0.024,0.07,33.3,41.6,44.8,15.5,-89.0,-140.0,AAAA,2.2409992,8.638,15.171,1385.28,3.7421062,2.1641963,-0.17258996,14.300022,0,0,1.823968,-2.2241998,-0.29216784,13.275642,0,0,1.5094807,-2.2451034,-0.60790944,11.703205,1,1,1,1,0,4,28.60004425048828,165.89454481688057,41.41857950755005,0,999.9,280.28005555993576,3.4743941498680904e-17,,,,,,False,,,,0.0,NO_SPECTRUM,False,False,2129.500389099121,False,99.0,99.0,99.0,,0.0,False,False,98.3,235.48961394738208,-65.45134740889415,moderate,halo,63.5857147587031,5.0,HALO
J184132.20-603919.7,280.3841705,-60.6554944,14.83,12.844,8.987,7.198,0.033,0.026,0.031,0.108,32.8,41.0,34.9,10.0,-260.0,-218.0,AAAA,1.9860001,8.987,14.83,1344.8,3.2135456,1.8266915,0.031713676,12.412387,0,0,0.9946004,-1.7265701,-0.5771732,8.658098,0,0,0.6610254,-1.7670413,-0.92179793,6.990224,1,1,1,1,0,4,24.82477378845215,339.29927792437167,34.68517443372082,0,999.9,267.09228508065826,3.1249227195865827e-17,,,,,,False,,,,0.0,NO_SPECTRUM,False,False,2256.999969482422,False,99.0,99.0,99.0,,0.0,False,False,97.8,334.8690671010396,-22.249421833084483,high,thick_disk,31.08914133646425,-15.0,HIGH_PM
J023721.68-570645.3,39.3403402,-57.1125836,15.445,13.769,8.932,7.015,0.033,0.029,0.026,0.089,32.7,37.4,42.6,12.2,49.0,-244.0,AAAA,1.6759996,8.932,15.445,1222.98,2.5709786,1.8798801,-0.33675212,10.196004,0,0,-0.013655118,-1.8049934,-0.06316022,3.3547323,0,0,-0.37043488,-1.8423809,-0.35569358,1.5708337,1,1,1,1,0,4,20.39200782775879,248.8714527622644,27.227407220262908,0,999.9,250.04425318945675,4.448836199013886e-17,,,,,,False,,,,0.0,NO_SPECTRUM,False,False,2412.0001792907715,False,99.0,99.0,99.0,,0.0,False,False,97.7,278.20446835291375,-54.63293377982622,high,halo,42.38542866074551,-10.0,HIGH_PM|HALO
J114337.02-323258.3,175.904285,-32.549528,15.059,12.803,8.539,6.738,0.033,0.025,0.023,0.074,32.7,42.8,47.0,14.6,331.0,119.0,AAAA,2.2559996,8.539,15.059,1399.56,3.7731988,2.259935,-0.10548751,14.604011,0,0,1.8727556,-2.3653607,-0.3857763,13.77816,0,0,1.5593911,-2.3807137,-0.71100444,12.211338,1,1,1,1,0,4,29.20802116394043,351.7413822682796,42.38667797646866,0,999.9,264.8292253013844,4.891535214055148e-17,,,,,,False,,,,0.0,NO_SPECTRUM,False,False,2122.000217437744,False,99.0,99.0,99.0,,0.0,False,False,97.7,286.73887538908747,28.180696006442535,high,thick_disk,29.9894289910577,-15.0,HIGH_PM
J091413.07+724437.7,138.5544629,72.7438329,15.168,12.925,8.798,7.245,0.033,0.025,0.027,0.106,32.4,43.2,39.8,10.2,193.0,-8.0,AAAA,2.243,8.798,15.168,1399.68,3.7462535,2.009466,-0.17079298,14.082166,0,0,1.8304756,-1.9960597,-0.29467463,13.000518,0,1,1.516138,-2.025934,-0.61067027,11.428829,1,1,1,1,0,4,28.164331436157227,193.1657319505714,40.79885051841735,0,999.9,304.9950221580249,2.120413333220265e-17,,,,,,False,,,,0.0,NO_SPECTRUM,False,False,2128.499984741211,False,99.0,99.0,99.0,,0.0,False,False,97.4,140.284329285407,36.1216026298767,moderate,halo,54.608667387496475,5.0,HALO
J053400.20-355942.2,83.5008423,-35.9950702,15.104,12.641,7.977,6.239,0.034,0.024,0.018,0.053,32.3,45.3,61.6,20.6,135.0,320.0,AAAA,2.4630003,7.977,15.104,1463.1899999999998,4.2022686,2.8034217,-0.13244848,16.679491,0,0,2.5460117,-3.1666982,-0.34816554,18.204454,0,0,2.248142,-3.1505413,-0.66958207,16.715105,1,1,1,1,0,4,33.35898208618164,347.3110997362451,49.79161866337364,0,999.9,273.05199672671057,7.140602039249725e-17,,,,,,False,,,,0.0,NO_SPECTRUM,False,False,2018.4998512268064,False,99.0,99.0,99.0,,0.0,False,False,97.3,240.6328205289709,-30.44257530609281,high,halo,30.371972605430148,-10.0,HIGH_PM|HALO
J045820.72-424342.7,74.5863376,-42.7285452,15.487,13.113,8.53,6.764,0.034,0.025,0.021,0.055,31.6,42.7,51.8,19.7,259.0,93.0,AAAA,2.3740005,8.53,15.487,1349.3200000000002,4.0177903,2.2686384,-0.3619161,15.094413,0,0,2.256546,-2.3781934,-0.028056242,15.458091,0,0,1.9520143,-2.3930416,-0.3170321,13.9354315,1,1,1,1,0,4,30.188825607299805,275.1908428709066,44.52248302452831,0,999.9,269.22518857796734,4.5711375415440475e-17,,,,,,False,,,,0.0,NO_SPECTRUM,False,False,2062.999725341797,False,99.0,99.0,99.0,,0.0,False,False,96.6,247.46735986100495,-38.24817127200827,high,halo,38.3316650245496,-10.0,HIGH_PM|HALO
J021958.37-402138.1,34.9932188,-40.3605911,15.384,13.461,8.977,7.128,0.035,0.03,0.025,0.069,31.3,36.8,42.8,15.6,72.0,-40.0,AAAA,1.9229994,8.977,15.384,1151.84,3.0829582,1.8363622,-0.30020517,11.703213,0,0,0.78969496,-1.7408292,-0.11414353,7.3209944,0,0,0.4514041,-1.7807397,-0.4118437,5.6295395,1,1,1,1,0,4,23.40642547607422,82.365041127896,32.408533905401306,0,999.9,258.40840466957934,3.65498739333282e-17,,,,,,False,,,,0.0,NO_SPECTRUM,False,False,2288.5003089904785,False,99.0,99.0,99.0,,0.0,False,False,96.3,254.48865013630157,-67.4394219924512,moderate,halo,128.07039324331012,5.0,HALO
J155827.03+850432.3,239.612634,85.0756551,15.965,13.846,9.341,7.664,0.035,0.028,0.025,0.092,30.9,38.4,42.6,11.8,12.0,-138.0,AAAA,2.1190004,9.341,15.965,1186.56,3.4892278,1.4843532,-0.6483008,12.045913,0,0,1.4271752,-1.2218138,0.37145287,9.456281,0,1,1.1035558,-1.2821327,0.12296433,7.838185,1,1,1,1,0,4,24.09182548522949,138.52075656738234,34.30194305321578,0,999.9,282.32650850840497,1.7595539142111652e-17,,,,,,False,,,,0.0,NO_SPECTRUM,False,False,2190.499782562256,False,99.0,99.0,99.0,,0.0,False,False,95.9,118.77296207645651,30.440507911827368,moderate,halo,76.1512098847064,5.0,HALO
J032635.16-735621.1,51.6465212,-73.9392222,15.99,13.721,9.468,7.651,0.036,0.027,0.029,0.102,30.4,40.5,38.0,10.6,242.0,-409.0,AAAA,2.269,9.468,15.99,1231.2,3.800146,1.3615359,-0.6632789,12.779464,0,0,1.9150388,-1.0407273,0.3923474,11.634988,0,0,1.6026475,-1.1081669,0.14597635,10.073031,1,1,1,1,0,4,25.558927536010746,475.2315225234959,37.157568851852425,0,999.9,262.7154618113184,2.156479470723996e-17,,,,,,False,,,,0.0,NO_SPECTRUM,False,False,2115.499973297119,False,99.0,99.0,99.0,,0.0,False,False,95.4,290.0356607875085,-39.05828919809919,high,halo,22.19659830378681,-10.0,HIGH_PM|HALO
J230741.12+522419.5,346.9213359,52.4054233,15.181,13.209,8.725,6.972,0.038,0.027,0.023,0.089,28.8,39.6,48.3,12.1,124.0,-337.0,AAAA,1.9720001,8.725,15.181,1140.48,3.1845264,2.0800612,-0.17858142,12.4950905,0,0,0.9490666,-2.100148,-0.2838097,8.726873,0,1,0.6144436,-2.1259296,-0.5987043,7.053759,1,1,1,1,0,4,24.99018096923828,359.0891254271006,34.84630884330948,0,999.9,271.1540678750453,3.701772566197214e-17,,,,,,False,,,,0.0,NO_SPECTRUM,False,False,2263.999938964844,False,99.0,99.0,99.0,,0.0,False,False,93.8,107.32583301079946,-7.294188674944674,high,thin_disk,29.375780160996637,-20.0,HIGH_PM
J105027.24-701039.5,162.6135033,-70.177643,15.344,13.068,9.067,7.192,0.039,0.026,0.023,0.066,27.6,41.8,48.2,16.5,66.0,88.0,AAAA,2.276,9.067,15.344,1153.68,3.8146555,1.7493268,-0.27623993,13.791717,0,0,1.9378058,-1.6125008,-0.14757524,12.911442,0,0,1.6259384,-1.6574574,-0.44866344,11.352105,1,1,1,1,0,4,27.58343315124512,110.0,40.1394119216919,0,999.9,255.5811535627325,3.5500161063553815e-17,,,,,,False,,,,0.0,NO_SPECTRUM,False,False,2111.999988555908,False,99.0,99.0,99.0,,0.0,False,False,92.6,292.95322487213787,-9.686104452941338,moderate,thin_disk,95.89566551591868,-5.0,NORMAL
J002657.56-234837.1,6.7398731,-23.8103328,15.468,13.053,8.725,6.901,0.039,0.027,0.027,0.087,27.6,40.4,40.8,12.5,-217.0,-295.0,AAAA,2.415,8.725,15.468,1115.04,4.1027737,2.0800612,-0.35053256,15.077881,0,0,2.3898938,-2.100148,-0.043936368,15.759058,0,1,2.0884311,-2.1259296,-0.33452153,14.251745,1,1,1,1,0,4,30.15576171875,366.2157833846051,44.720994628906254,0,999.9,261.7265803570078,4.348127382286268e-17,,,,,,False,,,,0.0,NO_SPECTRUM,False,False,2042.5000190734863,False,99.0,99.0,99.0,,0.0,False,False,92.6,62.57351823301523,-83.55693057307656,high,halo,28.804119552850736,-10.0,HIGH_PM|HALO
J052409.52-224536.5,81.0396971,-22.7601541,15.431,13.017,8.919,7.249,0.04,0.027,0.025,0.107,27.1,39.7,43.8,10.1,30.0,135.0,AAAA,2.4139996,8.919,15.431,1075.87,4.1007,1.8924522,-0.3283643,14.812413,0,0,2.38664,-1.8235304,-0.07486128,15.389741,0,1,2.0851023,-1.860189,-0.36858046,13.882051,1,1,1,1,0,4,29.62482643127441,138.2931668593933,43.92769026230758,0,999.9,284.33452591758527,2.5271279913319134e-17,,,,,,False,,,,0.0,NO_SPECTRUM,False,False,2043.0002212524412,False,99.0,99.0,99.0,,0.0,False,False,92.1,225.3196699682678,-28.780031247166455,moderate,thick_disk,76.27653228504084,0.0,NORMAL
J054110.02-830916.6,85.2917526,-83.1546199,15.991,13.756,8.946,7.119,0.04,0.028,0.023,0.069,26.8,38.9,48.2,15.7,156.0,261.0,AAAA,2.2350006,8.946,15.991,1042.52,3.7296722,1.8663412,-0.66387826,13.32465,0,0,1.804458,-1.7850313,0.39318353,12.091094,0,0,1.4895216,-1.8232037,0.14689723,10.516412,1,1,1,1,0,4,26.64929962158203,304.06742673295344,38.56153975034516,0,999.9,260.96692049367886,3.588401372189038e-17,,,,,,False,,,,0.0,NO_SPECTRUM,False,False,2132.4996948242188,False,99.0,99.0,99.0,,0.0,False,False,91.8,295.46717223640104,-28.996166566942996,high,thick_disk,34.69139499777881,-15.0,HIGH_PM
J231923.35+005202.6,349.8473284,0.867402,15.428,13.418,8.758,6.963,0.043,0.031,0.027,0.084,25.3,34.8,40.0,13.0,-370.0,-96.0,AAAA,2.0100002,8.758,15.428,880.4399999999999,3.263293,2.0481482,-0.32656732,12.535533,0,0,1.0726594,-2.0530944,-0.07736808,9.133025,0,1,0.74088085,-2.0807261,-0.37134132,7.4741335,1,1,1,1,0,4,25.07106590270996,382.2512262897269,35.149635398442,0,999.9,265.23424535646086,3.96273161557156e-17,,,,,,False,,,,0.0,NO_SPECTRUM,False,False,2244.999885559082,False,99.0,99.0,99.0,,0.0,False,False,90.3,80.86650188417094,-54.30827816725997,high,halo,27.59578643903633,-10.0,HIGH_PM|HALO
J093710.36-473613.5,144.2932013,-47.6037706,14.511,12.677,9.039,7.15,0.046,0.027,0.028,0.089,23.8,40.8,39.2,12.1,23.0,673.0,AAAA,1.8339996,9.039,14.511,971.04,2.89848,1.7764052,0.2228368,11.582885,0,0,0.50022924,-1.6524262,-0.84379154,6.276794,0,0,0.1552764,-1.695813,-1.2154361,4.5520296,1,1,1,1,0,4,23.165769577026367,673.3929016554897,31.662972004618076,0,999.9,254.2897462239873,3.739596878015442e-17,,,,,,False,,,,0.0,NO_SPECTRUM,False,False,2333.0001831054688,False,99.0,99.0,99.0,,0.0,False,False,88.8,272.5058553479959,3.460451359798411,very_high,thin_disk,15.664737749415298,-35.0,HIGH_PM
J174419.54+385839.2,266.0814384,38.977561,16.091,13.859,9.018,7.442,0.047,0.032,0.028,0.109,23.3,34.0,38.9,10.0,-213.0,-58.0,AAAA,2.2319994,9.018,16.091,792.2,3.7234514,1.7967134,-0.72379106,13.141633,0,0,1.7946967,-1.6823694,0.4767624,11.843119,0,1,1.4795357,-1.7245786,0.23894621,10.267314,1,1,1,1,0,4,26.283266067504883,220.75552088226468,38.01611288604713,0,999.9,298.085873449733,1.8828281367139756e-17,,,,,,False,,,,0.0,NO_SPECTRUM,False,False,2134.000301361084,False,99.0,99.0,99.0,,0.0,False,False,88.3,64.50932786337971,29.113394989065277,high,thick_disk,47.78373453399105,-15.0,HIGH_PM
J161358.02+374358.6,243.4917622,37.7329562,15.979,14.058,9.384,7.507,0.047,0.036,0.032,0.096,22.9,30.2,33.9,11.3,-528.0,157.0,AAAA,1.9210005,9.384,15.979,691.5799999999999,3.0788147,1.4427694,-0.65668863,10.74391,0,0,0.78319365,-1.1605011,0.38315395,6.1448183,0,1,0.44475317,-1.2232311,0.1358512,4.4526157,1,1,1,1,0,4,21.48781967163086,550.8475288135547,29.743442138253407,0,999.9,254.84060944157451,2.68029312616146e-17,,,,,,False,,,,0.0,NO_SPECTRUM,False,False,2289.4997596740723,False,99.0,99.0,99.0,,0.0,False,False,87.9,60.257004911400045,46.51152461363187,very_high,halo,19.14962426984294,-25.0,HIGH_PM|HALO
J033514.30-464330.1,53.809611,-46.725048,16.483,13.985,9.053,7.165,0.048,0.03,0.026,0.081,22.6,36.5,42.3,13.3,134.0,-33.0,AAAA,2.4980001,9.053,16.483,824.9000000000001,4.274816,1.7628655,-0.95865077,14.510096,0,0,2.6598463,-1.6324629,0.8043937,15.866312,0,0,2.3645964,-1.6766344,0.5997805,14.390062,1,1,1,1,0,4,29.02019119262696,138.00362314084367,43.518679292867205,0,999.9,253.4025517501668,3.732142589964143e-17,,,,,,False,,,,0.0,NO_SPECTRUM,False,False,2000.999927520752,False,99.0,99.0,99.0,,0.0,False,False,87.6,255.44613724222265,-52.44568678870684,moderate,halo,76.43656714712084,5.0,HALO
J052747.14-105916.1,81.9464532,-10.9878105,15.856,14.343,8.515,6.942,0.052,0.045,0.022,0.086,20.8,23.9,49.6,12.7,183.0,549.0,AAAA,1.5129995,8.515,15.856,497.12,2.233113,2.2831438,-0.58299536,9.541059,0,0,-0.543802,-2.3995805,0.2803512,1.264282,0,1,-0.91278297,-2.4135878,0.022630163,-0.5806226,1,1,1,1,0,4,19.08211708068848,578.6968118108134,24.85636380109311,0,999.9,297.1309833246517,3.017226578372333e-17,,,,,,False,,,,0.0,NO_SPECTRUM,False,False,2493.500232696533,False,99.0,99.0,99.0,,0.0,False,False,85.8,213.54747376168413,-23.501205067683276,very_high,thick_disk,18.228065182774085,-30.0,HIGH_PM
J222002.70+393201.3,335.0112616,39.5337222,15.291,13.146,8.762,7.2,0.054,0.027,0.027,0.099,20.0,40.2,40.2,10.9,-104.0,-502.0,AAAA,2.1450005,8.762,15.291,804.0,3.5431206,2.0442803,-0.24448626,13.451297,0,0,1.5117385,-2.0473912,-0.19187188,11.402767,0,1,1.1900653,-2.0752473,-0.49744925,9.794401,1,1,1,1,0,4,26.9025936126709,512.659731205797,38.44380896276608,0,999.9,302.01629169939,2.2706816296568894e-17,,,,,,False,,,,0.0,NO_SPECTRUM,False,False,2177.499771118164,False,99.0,99.0,99.0,,0.0,False,False,85.0,93.65918552459269,-14.581829257561273,very_high,thick_disk,20.576071348417575,-30.0,HIGH_PM
J162011.49+650543.1,245.047897,65.0953197,16.837,15.336,9.344,7.528,0.06,0.057,0.031,0.094,18.1,19.1,35.1,11.5,-427.0,-863.0,AAAA,1.5009995,9.344,16.837,345.71000000000004,2.2082393,1.4814517,-1.1707435,7.6761518,0,0,-0.5828315,-1.2175359,1.1002648,-1.1219974,0,1,-0.9527107,-1.278023,0.9256359,-2.9713936,1,1,1,1,0,4,15.352303504943848,962.8592835923638,19.96106348189764,0,999.9,261.92804626657914,2.4396197030901965e-17,,,,,,False,,,,0.0,NO_SPECTRUM,False,False,2499.500274658203,False,99.0,99.0,99.0,,0.0,False,False,83.1,97.17442633170741,40.041968409007715,very_high,halo,10.955415174889541,-25.0,HIGH_PM|HALO
J105156.31-313630.4,162.9846352,-31.6084669,16.255,14.216,9.187,7.415,0.069,0.042,0.035,0.105,15.8,26.0,31.3,10.3,515.0,468.0,AAAA,2.0389996,9.187,16.255,410.8,3.3234026,1.6332798,-0.82204837,11.59808,0,0,1.1669778,-1.4413967,0.61383224,8.2794,0,0,0.8373699,-1.4930813,0.38990703,6.631361,1,1,1,1,0,4,23.19615936279297,695.8800183939758,32.65555129524719,0,999.9,268.0395650630982,2.541568327104214e-17,,,,,,False,,,,0.0,NO_SPECTRUM,False,False,2230.5002212524414,False,99.0,99.0,99.0,,0.0,False,False,80.8,275.0906324241734,24.724189815967215,very_high,thick_disk,15.158537287930804,-30.0,HIGH_PM
J193555.86-502607.4,293.9827541,-50.4353902,16.246,13.618,9.098,7.193,0.081,0.033,0.033,0.091,13.4,32.6,32.9,11.9,-502.0,-571.0,AAAA,2.6280003,9.098,16.246,436.84,4.5442796,1.7193487,-0.8166569,15.3952055,0,0,3.0826628,-1.5683,0.606311,18.035355,0,0,2.7971442,-1.6149946,0.3816236,16.607761,1,1,1,1,0,4,30.7904109954834,760.2927067912726,46.97385286213413,0,999.9,251.5784522814953,3.7103895777797627e-17,,,,,,False,,,,0.0,NO_SPECTRUM,False,False,1448.7998962402344,False,99.0,99.0,99.0,,0.0,False,False,78.4,347.6998272828032,-27.44410398560564,very_high,thick_disk,13.874292246297978,-30.0,HIGH_PM
J161308.63-513447.6,243.2859947,-51.5799066,11.97,8.416,5.568,3.959,0.096,0.024,0.029,0.047,11.3,44.6,37.5,23.0,-548.0,-396.0,AAAA,3.554,5.568,11.97,503.9800000000001,6.4636855,5.1330686,1.7452298,28.83589,0,0,6.0944147,-6.601617,-2.967543,42.48344,0,0,5.8782105,-6.4503937,-3.5544138,41.40242,1,1,1,1,0,4,57.67177963256836,676.1065004864248,98.66488059539796,0,999.9,309.8360167545899,4.081059876099391e-16,,,,,,False,,,,0.0,NO_SPECTRUM,False,False,1078.4000396728516,False,99.0,99.0,99.0,,0.0,False,False,76.3,331.5522509235134,-0.28169662432623055,very_high,thin_disk,15.601866272786785,-35.0,HIGH_PM
J173438.58-311045.3,263.6607884,-31.1792752,10.735,8.838,5.848,4.002,0.096,0.03,0.017,0.034,11.3,36.1,64.6,32.2,253.0,746.0,AAAA,1.8969994,5.848,10.735,407.93000000000006,3.0290654,4.862292,2.4851577,18.865791,0,0,0.7051316,-6.2023735,-3.9997485,15.735399,0,0,0.36489454,-6.066849,-4.691226,14.034214,1,1,1,1,0,4,37.73158264160156,787.7340921910134,52.04694056803528,0,999.9,261.41909601270174,6.267394996936719e-16,,,,,,False,,,,0.0,NO_SPECTRUM,False,False,2301.5003204345703,False,99.0,99.0,99.0,,0.0,False,False,76.3,356.8379608949481,0.8206142122019641,very_high,thin_disk,13.390969505218775,-35.0,HIGH_PM
J044024.40-731441.6,70.1016701,-73.2448907,10.787,8.605,5.619,4.389,0.023,0.019,0.014,0.022,48.1,55.8,77.6,48.8,164.0,22.0,AAAA,2.1820002,5.619,10.787,2683.98,3.6198132,5.0837483,2.4540029,20.939064,0,0,1.6320776,-6.5288973,-3.9562871,20.781887,0,0,1.3131739,-6.3805337,-4.64336,19.187368,1,1,1,1,0,4,41.87812805175781,165.46903033498444,60.15374480867005,0,999.9,465.84525315486167,1.0346050325933075e-16,,,,,,False,,,,0.0,NO_SPECTRUM,False,False,2158.9999198913574,False,99.0,99.0,99.0,,0.0,False,False,63.1,285.68834500793054,-35.131223807657754,moderate,halo,63.74922960143088,5.0,HALO
J203552.30+395036.6,308.9679316,39.843527,10.056,8.551,6.064,4.048,0.023,0.021,0.023,0.082,47.5,52.0,46.5,13.2,10.0,-174.0,AAAA,1.5050001,6.064,10.056,2470.0,2.216532,4.6534066,2.891968,16.521675,0,0,-0.56981957,-5.894386,-4.567252,9.349684,0,1,-0.9393993,-5.770972,-5.316242,7.5017843,1,1,1,1,0,4,33.04335021972656,174.28711943227475,42.989399296731264,0,999.9,241.20082987291363,7.555272055829743e-16,,,,,,False,,,,0.0,NO_SPECTRUM,False,False,2497.499942779541,False,99.0,99.0,99.0,,0.0,False,False,62.5,79.34308834018873,-0.49094740480428034,moderate,thin_disk,60.523825519131634,-5.0,NORMAL
J154920.85+235547.1,237.336893,23.9297749,12.987,11.377,8.401,6.304,0.023,0.02,0.02,0.049,47.1,53.3,54.8,22.2,-208.0,-181.0,AAAA,1.6100006,8.401,12.987,2510.43,2.4341762,2.3933887,1.1359129,12.028524,0,0,-0.22831254,-2.56213,-2.1175404,4.781128,0,1,-0.5900326,-2.5697458,-2.6182702,2.9725275,1,1,1,1,0,4,24.057048797607425,275.7263135792448,31.80342139728287,0,999.9,231.798825343295,1.0666907560405816e-16,,,,,,False,,,,0.0,NO_SPECTRUM,False,False,2444.9996948242188,False,99.0,99.0,99.0,,0.0,False,False,62.1,38.60384663544106,49.94256991161601,high,halo,38.25722351203658,-10.0,HIGH_PM|HALO
J054854.58-722401.3,87.2274253,-72.4003719,11.31,9.226,6.277,5.045,0.023,0.02,0.015,0.026,46.9,54.6,72.0,41.2,172.0,221.0,AAAA,2.0840006,6.277,11.31,2560.74,3.4166803,4.4474235,2.1406565,19.061832,0,0,1.3133405,-5.590676,-3.5191665,17.602207,0,0,0.98710126,-5.479204,-4.1619406,15.971009,1,1,1,1,0,4,38.12366485595703,280.04463929880893,54.01361294275971,0,999.9,471.45323126392105,5.478984512806317e-17,,,,,,False,,,,0.0,NO_SPECTRUM,False,False,2207.9997062683105,False,99.0,99.0,99.0,,0.0,False,False,61.9,283.18587228796844,-30.474292632817676,high,halo,37.66729201874038,-10.0,HIGH_PM|HALO
J124915.41+324357.2,192.3142251,32.732575,13.02,11.367,8.051,5.694,0.023,0.021,0.02,0.046,46.2,52.5,53.7,23.6,236.0,190.0,AAAA,1.6530008,8.051,13.02,2425.5,2.5233068,2.73186,1.1161416,12.783852,0,0,-0.088457204,-3.0611846,-2.0899594,6.137575,0,1,-0.4469585,-3.0491767,-2.5878937,4.345069,1,1,1,1,0,4,25.567703247070312,302.9785470953348,34.020390031384274,0,999.9,208.72520365943893,2.603407159386783e-16,,,,,,False,,,,0.0,NO_SPECTRUM,False,False,2423.499584197998,False,99.0,99.0,99.0,,0.0,False,False,61.2,127.61724111443878,84.37582070666433,high,halo,34.81607297902802,-10.0,HIGH_PM|HALO
J024626.34-024715.2,41.6097542,-2.7875736,12.402,9.989,6.295,4.339,0.024,0.021,0.015,0.021,46.1,52.8,72.0,50.9,-52.0,65.0,AAAA,2.413,6.295,12.402,2434.08,4.0986285,4.430016,1.4864049,20.427315,0,0,2.3833895,-5.56501,-2.60648,22.263384,0,1,2.081777,-5.454548,-3.1567597,20.755322,1,1,1,1,0,4,40.85462951660156,83.24061508662703,60.57107372131348,0,999.9,246.2492527210198,5.458057012803755e-16,,,,,,False,,,,0.0,NO_SPECTRUM,False,False,2043.4999465942385,False,99.0,99.0,99.0,,0.0,False,False,61.1,176.39177156033642,-53.27616406073259,moderate,halo,126.72327319750575,5.0,HALO
J234658.41-003806.5,356.743416,-0.6351508,13.087,11.42,8.312,6.349,0.024,0.022,0.024,0.068,45.8,49.0,45.7,16.0,-126.0,-107.0,AAAA,1.6669998,8.312,13.087,2244.2,2.5523238,2.479457,1.0760001,12.452157,0,0,-0.042926442,-2.689032,-2.0339615,5.820282,0,1,-0.40037987,-2.6916578,-2.526221,4.033015,1,1,1,1,0,4,24.90431404113769,165.3027525481654,33.20741134628044,0,999.9,246.15880171134796,8.568601160968311e-17,,,,,,False,,,,0.0,NO_SPECTRUM,False,False,2416.5000915527344,False,99.0,99.0,99.0,,0.0,False,False,60.8,89.97814997550987,-59.31825911512263,moderate,halo,63.81335485431472,5.0,HALO
J100857.71-265220.0,152.2404764,-26.8722499,13.06,11.416,8.134,5.726,0.024,0.021,0.021,0.04,45.8,52.0,51.7,27.2,263.0,194.0,AAAA,1.644,8.134,13.06,2381.6,2.50465,2.651594,1.0921763,12.583517,0,0,-0.11773163,-2.9428372,-2.0565276,5.806706,0,1,-0.4769067,-2.935483,-2.551074,4.010831,1,1,1,1,0,4,25.16703414916992,326.8103425535979,33.441954977416984,0,999.9,204.8383021667916,2.6900379755390803e-16,,,,,,False,,,,0.0,NO_SPECTRUM,False,False,2427.999973297119,False,99.0,99.0,99.0,,0.0,False,False,60.8,263.6916341049616,23.35931601559877,high,thick_disk,32.27720127927428,-15.0,HIGH_PM
J065314.51-042541.9,103.3104752,-4.4283133,12.63,11.083,7.694,5.264,0.024,0.021,0.02,0.038,45.6,52.6,54.9,28.5,154.0,305.0,AAAA,1.5469999,7.694,12.63,2398.56,2.3035889,3.0771,1.3498031,12.87622,0,0,-0.433218,-3.5702198,-2.415919,5.337913,0,1,-0.7996539,-3.5381958,-2.9468873,3.5057335,1,1,1,1,0,4,25.752439498901367,341.6738210633059,33.72024376481266,0,999.9,203.1944458908701,4.2294270540109197e-16,,,,,,False,,,,0.0,NO_SPECTRUM,False,False,2476.5000343322754,False,99.0,99.0,99.0,,0.0,False,False,60.6,217.0794458978598,-1.6172660472503222,high,thin_disk,30.873079985828376,-20.0,HIGH_PM
J204003.75-804422.4,310.0156403,-80.7395565,13.545,11.856,8.5,6.295,0.024,0.021,0.023,0.052,45.6,51.2,47.0,20.7,35.0,-233.0,AAAA,1.6890001,8.5,13.545,2334.7200000000003,2.597926,2.2976499,0.80159765,12.04185,0,0,0.028628096,-2.420969,-1.6511679,5.5400376,0,0,-0.3271785,-2.4341354,-2.104634,3.761005,1,1,1,1,0,4,24.08370018005371,235.61409125941512,32.219174582549854,0,999.9,221.37434591985397,1.2395351441678762e-16,,,,,,False,,,,0.0,NO_SPECTRUM,False,False,2405.4999351501465,False,99.0,99.0,99.0,,0.0,False,False,60.6,312.55034783102775,-31.02477175183535,high,halo,44.770340985832426,-10.0,HIGH_PM|HALO
J122218.60+095254.8,185.5775167,9.8819104,12.81,10.954,7.298,5.113,0.024,0.021,0.015,0.03,45.5,51.2,70.2,35.7,207.0,212.0,AAAA,1.856,7.298,12.81,2329.6,2.944082,3.4600556,1.2419592,15.264289,0,0,0.5717838,-4.134864,-2.265476,11.020989,0,1,0.22847775,-4.080637,-2.7811978,9.30446,1,1,1,1,0,4,30.52857780456543,296.29883563726673,41.86078588562012,0,999.9,223.06906096870856,3.595886778061351e-16,,,,,,False,,,,0.0,NO_SPECTRUM,False,False,2322.000026702881,False,99.0,99.0,99.0,,0.0,False,False,60.5,279.83894565166025,71.43572337333096,high,halo,35.60096071273364,-10.0,HIGH_PM|HALO
J032813.34-454620.4,52.055589,-45.7723346,13.872,12.186,8.806,6.775,0.024,0.021,0.022,0.054,45.5,50.7,49.6,20.1,21.0,-18.0,AAAA,1.6859999,8.806,13.872,2306.85,2.591707,2.00173,0.60568184,11.383397,0,0,0.018869955,-1.9846535,-1.3778636,4.7034917,0,0,-0.33716124,-2.0149765,-1.8036325,2.9233356,1,1,1,1,0,4,22.76679420471192,27.65863337187866,30.44375675520489,0,999.9,238.26702424072573,6.370521015726125e-17,,,,,,False,,,,0.0,NO_SPECTRUM,False,False,2407.000064849853,False,99.0,99.0,99.0,,0.0,False,False,60.5,254.52351764015333,-53.885442201174335,low,halo,381.3826614252042,15.0,HALO|LOW_PM
J164031.79+575550.9,250.1324842,57.9308173,13.984,12.13,8.674,6.454,0.024,0.021,0.019,0.037,45.5,52.1,58.1,29.4,44.0,34.0,AAAA,1.8540001,8.674,13.984,2370.55,2.9399369,2.1293817,0.5385788,12.552463,0,0,0.56527936,-2.172868,-1.2842543,7.6237392,0,1,0.22182366,-2.1957903,-1.7005366,5.906461,1,1,1,1,0,4,25.10492515563965,55.60575509783138,34.41383190544933,0,999.9,220.0148836555288,1.0916227699189907e-16,,,,,,False,,,,0.0,NO_SPECTRUM,False,False,2322.999954223633,False,99.0,99.0,99.0,,0.0,False,False,60.5,87.30613506510169,39.931607040289755,moderate,halo,189.70200455316623,5.0,HALO
J152842.04+742202.9,232.1751702,74.3674952,13.708,11.927,8.237,6.094,0.024,0.021,0.02,0.04,45.5,52.5,54.1,27.4,184.0,-206.0,AAAA,1.7810001,8.237,13.708,2388.75,2.788623,2.5519862,0.70393914,12.897788,0,0,0.32785195,-2.7959719,-1.5149335,7.447171,0,1,-0.021068115,-2.7943926,-1.9545933,5.702571,1,1,1,1,0,4,25.79557609558105,276.2100649867777,34.983960816738545,0,999.9,226.92494501517632,1.3818063477330427e-16,,,,,,False,,,,0.0,NO_SPECTRUM,False,False,2359.499931335449,False,99.0,99.0,99.0,,0.0,False,False,60.5,110.3030275786856,38.65715900716286,high,halo,38.19022021248942,-10.0,HIGH_PM|HALO
J071203.98-552448.9,108.0166066,-55.4135895,13.814,12.247,8.791,6.429,0.024,0.021,0.021,0.046,45.4,51.7,51.4,23.6,186.0,146.0,AAAA,1.5670004,8.791,13.814,2347.18,2.3450458,2.016235,0.6404312,10.699922,0,0,-0.36816785,-2.0060406,-1.4263394,2.832062,0,0,-0.7331066,-2.0355227,-1.8570209,1.0073683,1,1,1,1,0,4,21.399843215942383,236.4571842850202,28.106555791806183,0,999.9,208.3128644118624,1.331618386087808e-16,,,,,,False,,,,0.0,NO_SPECTRUM,False,False,2466.4998054504395,False,99.0,99.0,99.0,,0.0,False,False,60.4,266.14093474256794,-19.267992848666115,high,thick_disk,44.610711400657216,-15.0,HIGH_PM
J014313.34-052339.2,25.8055986,-5.3942238,13.118,11.494,8.577,6.494,0.024,0.021,0.025,0.063,45.4,52.9,43.3,17.2,13.0,-165.0,AAAA,1.6239996,8.577,13.118,2401.66,2.4631932,2.2231867,1.0574269,11.781786,0,0,-0.18278177,-2.3111775,-2.0080519,4.5898914,0,1,-0.54345393,-2.3286612,-2.4976857,2.7865307,1,1,1,1,0,4,23.56357192993164,165.51132891738862,31.217018207687683,0,999.9,233.2747127942328,8.783667934803864e-17,,,,,,False,,,,0.0,NO_SPECTRUM,False,False,2438.000202178955,False,99.0,99.0,99.0,,0.0,False,False,60.4,154.80135370280678,-65.01122469203705,moderate,halo,63.73293765296344,5.0,HALO
J224135.04-575201.7,340.3960271,-57.8671407,13.215,11.677,8.101,5.696,0.024,0.021,0.018,0.03,45.3,51.5,60.7,35.6,30.0,-189.0,AAAA,1.5380001,8.101,13.215,2332.95,2.284934,2.6835067,0.9993111,11.879374,0,0,-0.46248934,-2.989891,-1.9269798,4.053878,0,0,-0.8295989,-2.9806864,-2.4083974,2.21833,1,1,1,1,0,4,23.75874710083008,191.36614120580475,31.066938184220355,0,999.9,205.0236840006288,2.7572303959115944e-16,,,,,,False,,,,0.0,NO_SPECTRUM,False,False,2480.9999465942383,False,99.0,99.0,99.0,,0.0,False,False,60.3,330.4064878594608,-51.770073823419466,moderate,halo,55.12220260221814,5.0,HALO
