designation,ra,dec,w1mpro,w2mpro,w3mpro,w4mpro,w1sigmpro,w2sigmpro,w3sigmpro,w4sigmpro,w1snr,w2snr,w3snr,w4snr,pmra,pmdec,ph_qual,w1_w2_color,w3mpro_1,w1mpro_1,snr_w1w2,w1_w2_zscore,w3_zscore,w1_zscore,anomaly_score,has_rosat,has_2mass,w1_w2_color_zscore_tier2,w3mpro_zscore_tier2,w1mpro_zscore_tier2,tier2_stealth_score,has_ps1,ps1_coverage,w1_w2_color_zscore_tier3,w3mpro_zscore_tier3,w1mpro_zscore_tier3,tier3_stealth_score,no_gaia_optical,no_rosat_xray,no_2mass_nir,no_ps1_deep_optical,spitzer_coverage,invisibility_count,final_stealth_score,pm_total,prime_score,has_nvss_radio,nvss_separation,T_eff_K,SolidAngle_scale,filename,cluster,umap_x,umap_y,vote,lamost_match,lamost_class,lamost_subclass,lamost_teff,lamost_score,lamost_category,lamost_is_known_ir,lamost_temp_mismatch,ir_teff,legacy_match,legacy_mag_g,legacy_mag_r,legacy_mag_z,legacy_type,legacy_score,legacy_is_bright,legacy_is_faint,gal_b,gal_l,pm_category,galactic_region,score,n_epochs,baseline_years,rms_w1,rms_w2,chi2_w1,chi2_w2,trend_w1,trend_w2,is_variable,is_stable,variability_score,variability_flag
J143046.35-025927.8,217.6931509,-2.9910653,13.997,10.629,6.104,4.495,0.026,0.02,0.015,0.024,42.0,55.2,71.9,44.4,-5.0,55.0,AAAA,3.368,6.104,13.997,2318.4,6.078146,4.6147246,0.5307904,25.687315,0,0,5.4894624,-5.837351,-1.2733895,37.207554,0,1,5.2593355,-5.71618,-1.6885706,36.05692,1,1,1,1,0,4,51.374629974365234,55.22680508593631,85.98058072509765,0,999.9,293.2347791353745,2.9567884520676633e-16,,,,,,False,,,,0.0,NO_SPECTRUM,False,False,1152.7999877929688,False,99.0,99.0,99.0,,0.0,False,False,51.51747198156467,345.3083795509457,moderate,halo,127.0,286,10.433032119972607,0.5023248,0.39529765,92.5032894736842,304.2888157894737,0.025460485039025683,0.019127033293139393,True,False,15.0,FADING
J231029.40-060547.3,347.6225084,-6.0964906,13.988,12.24,8.772,6.911,0.027,0.024,0.028,0.103,40.9,45.9,38.9,10.6,-38.0,-161.0,AAAA,1.7480001,8.772,13.988,1877.31,2.7202208,2.0346093,0.53618246,11.748759,0,0,0.22052169,-2.0331323,-1.2809114,5.7080097,0,1,-0.13086855,-2.061549,-1.6968548,3.9510584,1,1,1,1,0,4,23.49751853942871,165.42369842317032,31.71225149076336,0,999.9,258.13181545990386,4.46582610246021e-17,,,,,,False,,,,0.0,NO_SPECTRUM,False,False,2375.999927520752,False,99.0,99.0,99.0,,0.0,False,False,-58.09380920022918,69.59758321834929,moderate,halo,125.9,269,9.997291442683107,0.18171465,0.14322184,7.361023404704991,4.698945458255597,0.05256404425823451,0.03222086133703547,True,False,15.0,FADING
J141629.02+342726.0,214.12092,34.4572244,14.13,12.284,8.748,7.095,0.026,0.023,0.026,0.103,41.7,46.7,42.0,10.6,27.0,6.0,AAAA,1.8459997,8.748,14.13,1947.3900000000003,2.9233537,2.057819,0.45110568,12.307896,0,0,0.5392587,-2.0673532,-1.1622286,7.263037,0,1,0.19520412,-2.0944245,-1.5661443,5.542764,1,1,1,1,0,4,24.61579132080078,27.65863337187866,33.70393999949295,0,999.9,289.891786052315,2.754283341310638e-17,,,,,,False,,,,0.0,NO_SPECTRUM,False,False,2327.000141143799,False,99.0,99.0,99.0,,0.0,False,False,70.37000114520569,60.05476347737539,low,halo,121.7,409,10.438980253470213,0.09856419,,2.333857218424479,2.283809877437807,0.008662878830967068,0.009867687943836707,False,False,0.0,NORMAL
J141230.76+340136.8,213.1281935,34.0269093,13.868,12.086,9.012,7.281,0.026,0.023,0.025,0.093,41.9,48.2,42.9,11.7,36.0,42.0,AAAA,1.7819996,9.012,13.868,2019.58,2.7906947,1.8025154,0.6080782,11.683935,0,0,0.33110258,-1.690924,-1.3812066,5.868622,0,1,-0.017742656,-1.7327969,-1.8073142,4.124396,1,1,1,1,0,4,23.367870330810547,55.31726674375732,31.6961774472818,0,999.9,279.0373443426725,2.556111685588301e-17,,,,,,False,,,,0.0,NO_SPECTRUM,False,False,2359.0002059936523,False,99.0,99.0,99.0,,0.0,False,False,71.27792446680897,59.49071299837853,moderate,halo,111.9,394,10.438683572375094,,0.106840394,3.3918688059462916,3.1385904947916665,0.0061242380524611385,0.006346981787706305,False,False,0.0,NORMAL
J005832.22+064701.7,14.6342573,6.7838242,13.854,12.041,8.522,6.784,0.026,0.023,0.025,0.081,41.2,47.9,44.2,13.3,47.0,-187.0,AAAA,1.8129997,8.522,13.854,1973.48,2.8549516,2.2763743,0.616466,12.595881,0,0,0.43192846,-2.3895996,-1.3929076,7.328857,0,1,0.08540369,-2.4039993,-1.820201,5.5962334,1,1,1,1,0,4,25.191762924194336,192.81597444195333,34.326294649001426,0,999.9,275.5563874309162,4.1973387952146667e-17,,,,,,False,,,,0.0,NO_SPECTRUM,False,False,2343.5001373291016,False,99.0,99.0,99.0,,0.0,False,False,-56.04441308223736,126.08823779096032,moderate,halo,111.2,279,10.51411815285421,,,4.249870410863904,4.845232911918998,0.0006240895889293017,-0.001193564147257205,False,False,0.0,NORMAL
J193547.43+601201.5,293.94766,60.2004281,13.57,12.042,9.066,7.137,0.024,0.021,0.023,0.06,46.0,52.1,46.2,18.2,170.0,-255.0,AAAA,1.5279999,9.066,13.57,2396.6,2.2642057,1.7502942,0.7866196,10.204678,0,0,-0.4950144,-1.6139272,-1.6302733,1.8121362,0,1,-0.86287254,-1.6588277,-2.0816221,-0.027154505,1,1,1,1,0,4,20.40935516357422,306.4718584144391,26.646453693375395,0,999.9,250.5057090423649,3.940750132277341e-17,,,,,,False,,,,0.0,NO_SPECTRUM,False,False,2486.000061035156,False,99.0,99.0,99.0,,0.0,False,False,18.09700069010657,92.0633244607032,high,thick_disk,111.0,500,5.4469369613963075,0.12513965,,6.398433585921843,5.149381641410966,0.022914791702945185,0.021610136626258512,True,False,15.0,FADING
J154303.47+575524.1,235.7644876,57.9233786,14.691,12.664,9.129,7.366,0.028,0.023,0.025,0.09,39.4,47.7,43.2,12.1,83.0,6.0,AAAA,2.0270004,9.129,14.691,1879.38,3.2985308,1.6893698,0.11499293,12.544641,0,0,1.1279514,-1.5240979,-0.6933484,9.13349,0,1,0.79744536,-1.5725306,-1.0497468,7.4809594,1,1,1,1,0,4,25.08928108215332,83.21658488546619,35.26047764000076,0,999.9,271.6505892532498,2.5526656588179148e-17,,,,,,False,,,,0.0,NO_SPECTRUM,False,False,2236.499786376953,False,99.0,99.0,99.0,,0.0,False,False,47.10201695200615,90.85056075834956,moderate,halo,109.4,500,5.992617324982892,,,1.9412459407944278,1.6303570655084425,0.006406597501709571,0.010710605988187766,False,False,0.0,NORMAL
J024218.54-170912.1,40.5772863,-17.1533764,14.451,12.609,8.758,6.877,0.028,0.024,0.022,0.068,38.3,45.6,48.6,16.1,11.0,25.0,AAAA,1.842,8.758,14.451,1746.48,2.9150631,2.0481482,0.25878438,12.076196,0,0,0.52624995,-2.0530944,-0.8939387,6.98633,0,1,0.18189594,-2.0807261,-1.2706653,5.26456,1,1,1,1,0,4,24.15239143371582,27.31300056749533,33.05013243789673,0,999.9,255.01277614772647,4.77292417834615e-17,,,,,,False,,,,0.0,NO_SPECTRUM,False,False,2328.9999961853027,False,99.0,99.0,99.0,,0.0,False,False,-62.53585724407749,197.4357060327088,low,halo,108.3,330,10.520532555865852,,0.12588984,5.9947145043349845,2.771674715639248,0.01342780907666161,0.012178440243714788,True,False,-10.0,VARIABLE
J070016.24-693931.3,105.0676841,-69.6587003,14.847,12.752,9.021,7.133,0.025,0.022,0.023,0.057,42.7,50.1,46.8,19.2,-16.0,-53.0,AAAA,2.0950003,9.021,14.847,2139.27,3.4394805,1.793812,0.02152832,13.030687,0,0,1.3491162,-1.6780914,-0.5629645,10.354733,0,0,1.0237004,-1.7204689,-0.9061493,8.7276535,1,1,1,1,0,4,26.06137466430664,55.36244214266564,36.98109221233361,0,999.9,254.27810717112663,3.8001842291374285e-17,,,,,,False,,,,0.0,NO_SPECTRUM,False,False,2202.499866485596,False,99.0,99.0,99.0,,0.0,False,False,-24.558851129315705,280.4803528586497,moderate,thick_disk,107.7,500,4.459740635181387,0.1461354,,2.1873855132139277,2.269616307024975,0.004004584887352707,0.010423220493306738,False,False,0.0,NORMAL
J013309.43-624709.8,23.2893311,-62.786058,13.584,12.034,8.956,7.329,0.024,0.022,0.029,0.09,46.0,49.9,37.9,12.0,116.0,-127.0,AAAA,1.5499992,8.956,13.584,2295.4,2.3098059,1.8566705,0.7782318,10.492655,0,0,-0.42346296,-1.7707723,-1.6185724,2.374258,0,0,-0.78967434,-1.8095055,-2.0687351,0.54320115,1,1,1,1,0,4,20.98530960083008,172.00290695217916,27.490752219437876,0,999.9,300.3012086579778,2.0051806508148136e-17,,,,,,False,,,,0.0,NO_SPECTRUM,False,False,2475.0003814697266,False,99.0,99.0,99.0,,0.0,False,False,-53.68644529767089,294.8958192586497,moderate,halo,106.0,500,9.442001606324439,,0.14201266,9.027045682730924,10.832399173346694,0.0030211381118277563,0.004027905349578339,True,False,-10.0,VARIABLE
J124435.69-381452.5,191.1487242,-38.2479408,14.375,12.676,9.197,7.416,0.027,0.024,0.029,0.096,39.9,45.6,37.7,11.4,-55.0,5.0,AAAA,1.6990004,9.197,14.375,1819.44,2.6186545,1.6236099,0.30431852,10.595696,0,0,0.06115317,-1.427139,-0.9574592,3.857304,0,0,-0.2939049,-1.4793843,-1.3406231,2.0820138,1,1,1,1,0,4,21.19139289855957,55.22680508593631,28.392229900801546,0,999.9,269.17338271401536,2.4983822829085166e-17,,,,,,False,,,,0.0,NO_SPECTRUM,False,False,2400.4998207092285,False,99.0,99.0,99.0,,0.0,False,False,24.604175393425933,301.45428655279113,moderate,thick_disk,104.9,325,10.439904419192318,0.11398554,,2.062493595076196,1.8781296107053018,0.01129052972061006,0.011999442238546864,False,False,0.0,NORMAL
J133152.18-304910.9,202.9674238,-30.819711,13.685,11.369,8.588,6.811,0.025,0.021,0.026,0.079,43.5,51.6,42.1,13.8,79.0,26.0,AAAA,2.316,8.588,13.685,2244.6,3.8975673,2.2125485,0.7177191,15.729243,0,0,2.067903,-2.2954922,-1.5341566,15.482331,0,0,1.7590297,-2.3135924,-1.9757645,13.937964,1,1,1,1,0,4,31.45848655700684,83.16850365372699,46.03005753021241,0,999.9,273.1216902417386,4.165507138132848e-17,,,,,,False,,,,0.0,NO_SPECTRUM,False,False,2092.0000076293945,False,99.0,99.0,99.0,,0.0,False,False,31.25355922210688,313.0865128956717,moderate,halo,103.5,283,10.440495318658455,0.38087338,0.1036367,326.3868994661922,16.90651318705674,0.010199285524198014,0.004241122691397493,True,False,-10.0,VARIABLE
J025220.16-430049.3,43.0840152,-43.0137145,13.886,12.079,8.801,7.023,0.025,0.022,0.024,0.069,42.6,48.6,44.9,15.7,84.0,-71.0,AAAA,1.8069992,8.801,13.886,2070.36,2.8425138,2.0065653,0.59729403,12.134684,0,0,0.41241217,-1.991783,-1.3661625,6.6724854,0,0,0.06543824,-2.0218256,-1.7907456,4.937616,1,1,1,1,0,4,24.26936721801757,109.98636279102968,33.04031264751037,0,999.9,270.3112722767645,3.542303485109301e-17,,,,,,False,,,,0.0,NO_SPECTRUM,False,False,2346.500396728516,False,99.0,99.0,99.0,,0.0,False,False,-60.84997574231773,253.85002875495653,moderate,halo,102.6,448,10.51640690335387,0.150176,,14.616092963506711,4.052909269461183,-0.016416720954992314,-0.012848611393835866,True,False,-10.0,VARIABLE
J060501.01-545944.5,91.254209,-54.995711,15.177,13.174,9.251,7.355,0.029,0.024,0.024,0.069,37.2,44.7,45.2,15.8,58.0,354.0,AAAA,2.0030003,9.251,15.177,1662.84,3.2487833,1.5713878,-0.17618506,11.927247,0,0,1.0498924,-1.3501408,-0.28715265,8.216053,0,0,0.7175899,-1.4054139,-0.602386,6.55454,1,1,1,1,0,4,23.85449409484864,358.7199464763564,33.41060586051464,0,999.9,253.09470710443125,3.139625692841019e-17,,,,,,False,,,,0.0,NO_SPECTRUM,False,False,2248.499870300293,False,99.0,99.0,99.0,,0.0,False,False,-28.43770198866603,263.21332267056835,high,thick_disk,102.2,500,7.521428603011626,0.23101117,,2.0553603604046153,2.897098158258032,0.017860699336420795,0.020234634126437046,True,False,15.0,FADING
J050319.34-652057.4,75.8306049,-65.3492947,13.661,12.082,9.168,7.357,0.023,0.021,0.022,0.068,46.5,52.6,48.8,15.9,167.0,-144.0,AAAA,1.5790005,9.168,13.661,2445.9,2.3699193,1.6516539,0.73209834,10.319337,0,0,-0.3291384,-1.4684882,-1.5542157,2.3897142,0,0,-0.6931789,-1.5191076,-1.9978565,0.56951165,1,1,1,1,0,4,20.63867378234864,220.51077071199947,27.15636902668172,0,999.9,266.9078389111745,2.6890353607019058e-17,,,,,,False,,,,0.0,NO_SPECTRUM,False,False,2460.499763488769,False,99.0,99.0,99.0,,0.0,False,False,-35.67008467352079,275.7169068377607,high,halo,101.5,500,4.505295219438735,0.07407815,,2.807922240966308,1.8492958651010292,-0.0012656527251416012,0.0002178784816337914,False,False,0.0,NORMAL
J160736.59+064143.6,241.902468,6.6954665,13.665,11.833,8.668,6.839,0.024,0.022,0.027,0.081,45.0,48.3,40.8,13.4,-148.0,-215.0,AAAA,1.8319998,8.668,13.665,2173.5,2.8943348,2.1351838,0.72970194,12.615482,0,0,0.49372485,-2.1814227,-1.5508728,7.4686937,0,1,0.14862232,-2.2040083,-1.9941748,5.743181,1,1,1,1,0,4,25.23096466064453,261.01532522057016,34.4755891030661,0,999.9,263.23135520576494,4.512101997233191e-17,,,,,,False,,,,0.0,NO_SPECTRUM,False,False,2334.0001106262207,False,99.0,99.0,99.0,,0.0,False,False,39.2396926950967,18.49541294844537,high,halo,100.0,319,10.444267467460636,0.111455575,,3.0928997303704797,2.422538274451147,-0.006512586943728173,-0.0015272071147834233,False,False,0.0,NORMAL
J091207.70+295011.9,138.0321094,29.836664,12.375,10.645,7.868,6.262,0.024,0.021,0.021,0.058,44.9,52.8,52.1,18.8,220.0,246.0,AAAA,1.7299995,7.868,12.375,2370.72,2.6829093,2.9088316,1.5025817,13.914557,0,0,0.16197594,-3.322118,-2.6290467,8.130125,0,1,-0.19076172,-3.29985,-3.1816134,6.366436,1,1,1,1,0,4,27.82911491394043,330.0242415338607,37.45798589125233,0,999.9,315.31711659645754,4.63996637467337e-17,,,,,,False,,,,0.0,NO_SPECTRUM,False,False,2385.000228881836,False,99.0,99.0,99.0,,0.0,False,False,42.18910989451765,196.06782540636763,high,halo,99.9,266,9.97180065111568,0.048214287,0.05864116,3.1386628924675706,3.9621637308372644,0.01102716091648284,0.009172209638169102,False,False,0.0,NORMAL
J142032.17+801007.8,215.134058,80.1688481,13.824,12.132,8.763,7.017,0.024,0.022,0.021,0.066,44.7,50.2,51.4,16.5,292.0,-157.0,AAAA,1.6920004,8.763,13.824,2243.94,2.6041448,2.0433137,0.6344398,11.511845,0,0,0.038386237,-2.0459661,-1.4179813,4.9129987,0,1,-0.3171958,-2.0738783,-1.8478156,3.1350884,1,1,1,1,0,4,23.02368927001953,331.53129565698623,30.81490756088928,0,999.9,274.9169860124502,3.4040235528635225e-17,,,,,,False,,,,0.0,NO_SPECTRUM,False,False,2403.9998054504395,False,99.0,99.0,99.0,,0.0,False,False,36.15057425367026,118.334621524087,high,halo,99.7,500,6.990565081724862,0.075834036,,2.1613363445641283,2.1365584407944276,0.0037198937462238394,0.0038305618732822552,False,False,0.0,NORMAL
J183905.95-571505.1,279.7748156,-57.2514194,13.046,11.209,7.74,5.848,0.024,0.021,0.018,0.045,44.6,51.4,59.4,24.0,-26.0,-197.0,AAAA,1.8369999,7.74,13.046,2292.44,2.9046988,3.0326154,1.1005647,14.3635845,0,0,0.50998735,-3.5046299,-2.0682294,9.715733,0,0,0.16525912,-3.475185,-2.5639617,7.992091,1,1,1,1,0,4,28.727169036865234,198.70832896484237,39.28153036646614,0,999.9,254.1682303321605,1.241648564985457e-16,,,,,,False,,,,0.0,NO_SPECTRUM,False,False,2331.5000534057617,False,99.0,99.0,99.0,,0.0,False,False,-20.95282166145832,338.27124210499034,moderate,thick_disk,99.6,345,10.009412300971931,0.17039345,0.12327017,26.392578125,15.03387451171875,0.018821238901962686,0.00934381708867504,True,False,-10.0,VARIABLE
J104200.37-060111.5,160.5015682,-6.0198695,13.571,11.693,8.243,6.586,0.025,0.023,0.024,0.08,43.9,47.1,46.2,13.5,184.0,242.0,AAAA,1.8780003,8.243,13.571,2067.69,2.9896843,2.546184,0.7860202,13.574349,0,0,0.6433383,-2.7874174,-1.6294372,9.095079,0,1,0.3016791,-2.7861743,-2.080701,7.386784,1,1,1,1,0,4,27.14869880676269,304.00657887618155,37.34575170750469,0,999.9,289.7384603554652,4.403099724015463e-17,,,,,,False,,,,0.0,NO_SPECTRUM,False,False,2310.999870300293,False,99.0,99.0,99.0,,0.0,False,False,44.41301853362795,254.76183192259512,high,halo,98.9,267,9.96229777256674,0.09034663,0.08202243,3.1327163581561326,3.2401246952831295,0.007778362522198857,0.007708677287755858,False,False,0.0,NORMAL
J100443.67+002609.8,151.1819799,0.4360578,13.277,11.625,8.606,6.861,0.025,0.022,0.026,0.107,43.8,50.0,42.3,10.1,141.0,202.0,AAAA,1.6520004,8.606,13.277,2190.0,2.5212333,2.1951416,0.96216476,11.818577,0,0,-0.09171095,-2.269827,-1.8751603,4.8938932,0,1,-0.45028713,-2.2889364,-2.3513265,3.1010122,1,1,1,1,0,4,23.63715362548828,246.3432564532669,31.446871074321898,0,999.9,277.007332887972,3.836503016847975e-17,,,,,,False,,,,0.0,NO_SPECTRUM,False,False,2423.999786376953,False,99.0,99.0,99.0,,0.0,False,False,41.92694977254156,239.5887122946359,high,halo,98.8,266,9.94846014803559,0.072009124,0.0696729,2.5563900353773583,2.3411123102361504,0.010749941488892033,0.010748757718957306,False,False,0.0,NORMAL
J233049.80+220729.3,352.7075188,22.124818,13.603,11.835,8.654,6.898,0.025,0.022,0.026,0.089,43.4,48.6,42.4,12.2,120.0,-251.0,AAAA,1.7679996,8.654,13.603,2109.24,2.7616756,2.1487224,0.76684827,12.274959,0,0,0.2855687,-2.2013848,-1.6026922,6.4921365,0,1,-0.06432447,-2.2231855,-2.0512457,4.7426705,1,1,1,1,0,4,24.549917221069336,278.2103520719529,33.23076598644607,0,999.9,274.194720869599,3.819455182529823e-17,,,,,,False,,,,0.0,NO_SPECTRUM,False,False,2366.000175476074,False,99.0,99.0,99.0,,0.0,False,False,-37.03106245074459,99.36786148666084,high,halo,98.4,305,10.504796861382623,0.07666893,0.07175868,2.1342438145687708,2.843101702238384,0.0078407727318904,0.007834543140628127,False,False,0.0,NORMAL
J115746.32+150551.9,179.4430055,15.0977705,13.65,11.941,8.859,7.039,0.026,0.023,0.03,0.108,42.4,48.2,35.8,10.0,145.0,183.0,AAAA,1.7089996,8.859,13.65,2043.68,2.639381,1.9504753,0.7386891,11.582545,0,0,0.09367514,-1.9090818,-1.5634099,5.1080155,0,1,-0.26063442,-1.9423764,-2.0079825,3.3364677,1,1,1,1,0,4,23.16509056091309,233.4823333787805,31.08291666142594,0,999.9,264.823106479168,3.6885458638628665e-17,,,,,,False,,,,0.0,NO_SPECTRUM,False,False,2395.5001831054688,False,99.0,99.0,99.0,,0.0,False,False,72.66649636339686,254.1758904955252,high,halo,97.4,297,10.432463075646815,0.07471323,0.07238674,2.1308218466269,1.9444481102195945,0.005531787012280703,0.005913199533921955,False,False,0.0,NORMAL
J151248.39+373228.3,228.201637,37.5412083,14.881,12.992,9.071,7.351,0.029,0.024,0.024,0.082,37.4,45.1,44.4,13.2,-22.0,51.0,AAAA,1.8889999,9.071,14.881,1686.74,3.0124843,1.7454588,0.00115818,11.656799,0,0,0.67911404,-1.6067977,-0.534548,6.887646,0,1,0.33827817,-1.6519785,-0.874853,5.183467,1,1,1,1,0,4,23.3135986328125,55.54277630799526,32.12147573001709,0,999.9,277.04265266854713,2.460451108595949e-17,,,,,,False,,,,0.0,NO_SPECTRUM,False,False,2305.500030517578,False,99.0,99.0,99.0,,0.0,False,False,58.592374264567496,61.27109545823294,moderate,halo,97.4,463,10.441180397344283,0.15410306,0.10460345,5.548029647761093,1.5206574939546131,-0.00025096448133247405,-0.006105419458452292,True,False,-10.0,VARIABLE
J000300.44-221910.2,0.7518643,-22.3195223,13.456,11.539,7.821,5.951,0.026,0.021,0.019,0.053,42.4,51.4,55.7,20.4,-10.0,-393.0,AAAA,1.9170008,7.821,13.456,2179.36,3.0705242,2.9542832,0.85492027,14.497918,0,0,0.7701849,-3.389134,-1.7255534,10.614411,0,1,0.43144497,-3.3642304,-2.186558,8.9207115,1,1,1,1,0,4,28.99583625793457,393.1272058761642,40.11284451856048,0,999.9,256.55882706134247,1.1007335072825559e-16,,,,,,False,,,,0.0,NO_SPECTRUM,False,False,2291.499614715576,False,99.0,99.0,99.0,,0.0,False,False,-78.00503291816705,53.92255101250171,high,halo,97.4,290,9.999034288323061,0.07816917,,2.785391520463884,3.82564459906684,-0.0029772412120486493,0.0019504860130383187,False,False,0.0,NORMAL
J163051.99+111410.9,247.7166507,11.2363685,13.805,11.921,8.275,6.576,0.026,0.022,0.023,0.059,42.1,49.1,47.8,18.6,-133.0,-190.0,AAAA,1.8840008,8.275,13.805,2067.11,3.0021222,2.5152388,0.64582336,13.425048,0,0,0.6628546,-2.74179,-1.4338614,8.990574,0,1,0.32164454,-2.7423413,-1.8653052,7.284524,1,1,1,1,0,4,26.850095748901367,231.9245566989404,36.96721612310272,0,999.9,281.3088264350752,4.814940124528528e-17,,,,,,False,,,,0.0,NO_SPECTRUM,False,False,2307.999610900879,False,99.0,99.0,99.0,,0.0,False,False,36.25100638980232,26.95156558647893,high,halo,97.1,324,10.000903046762497,0.07623548,,1.7287707254982585,2.042950363633055,0.0013088340094764487,0.0033998205097210826,False,False,0.0,NORMAL
J172400.49+271007.7,261.0020721,27.1688197,14.124,12.213,8.602,6.679,0.026,0.023,0.021,0.058,42.0,47.9,52.6,18.8,-175.0,-198.0,AAAA,1.9109993,8.602,14.124,2011.8,3.0580845,2.1990097,0.45470077,12.927468,0,0,0.7506655,-2.27553,-1.1672437,8.606047,0,1,0.41147637,-2.2944152,-1.5716678,6.9101024,1,1,1,1,0,4,25.854936599731445,264.25177388240934,35.73668974845768,0,999.9,250.18746926374027,6.042521788491292e-17,,,,,,False,,,,0.0,NO_SPECTRUM,False,False,2294.5003509521484,False,99.0,99.0,99.0,,0.0,False,False,30.19806528267309,50.11607663441662,high,halo,97.0,403,10.000301735660502,0.085611604,,1.9241117410991915,2.0219583487570136,0.008237738351528578,0.007640892897978978,False,False,0.0,NORMAL
J013357.89-703638.5,23.4912423,-70.6106995,14.19,12.182,8.825,7.258,0.026,0.023,0.023,0.106,41.6,48.2,46.5,10.2,158.0,-130.0,AAAA,2.0079994,8.825,14.19,2005.12,3.2591457,1.9833558,0.4151581,13.167629,0,0,1.0661519,-1.9575619,-1.1120814,9.712628,0,0,0.7342236,-1.9889501,-1.5109152,8.052988,1,1,1,1,0,4,26.33525848388672,204.60694025374605,36.91149513078461,0,999.9,309.9675604853347,1.9829459855384887e-17,,,,,,False,,,,0.0,NO_SPECTRUM,False,False,2246.000289916992,False,99.0,99.0,99.0,,0.0,False,False,-46.09685486849825,297.8645207123128,high,halo,96.6,500,8.991469902642024,0.09804519,,2.298051180485972,2.220815635589232,0.014247428538347295,0.011521862002366379,False,False,0.0,NORMAL
J071217.21-565118.6,108.0717308,-56.8551879,13.351,11.808,8.81,7.005,0.023,0.021,0.021,0.068,46.3,52.6,52.1,16.1,283.0,93.0,AAAA,1.5430002,8.81,13.351,2435.38,2.2952983,1.997861,0.91782933,10.800516,0,0,-0.4462268,-1.9789491,-1.813312,2.6824174,0,0,-0.81296206,-2.0094962,-2.2832105,0.8487411,1,1,1,1,0,4,21.60103225708008,297.88924116187883,28.267111675656285,0,999.9,267.4258655033317,3.701382436091166e-17,,,,,,False,,,,0.0,NO_SPECTRUM,False,False,2478.4998893737798,False,99.0,99.0,99.0,,0.0,False,False,-19.729818695905266,267.5900190337767,high,thick_disk,96.3,500,5.51975773779604,0.075611345,,3.5181177785258018,3.992411540694026,0.011087995455128265,0.009784987510929544,False,False,0.0,NORMAL
J005800.27-080633.8,14.5011344,-8.1094057,13.925,12.053,8.462,6.54,0.027,0.023,0.024,0.065,40.7,47.4,44.8,16.6,25.0,-303.0,AAAA,1.8719997,8.462,13.925,1929.18,2.9772463,2.3343983,0.5739276,13.007264,0,0,0.62382203,-2.4751523,-1.3335662,8.361835,0,1,0.28171366,-2.486188,-1.7548459,6.6512923,1,1,1,1,0,4,26.014528274536133,304.02960382173313,35.75436609965077,0,999.9,250.3318966954704,6.856192752567057e-17,,,,,,False,,,,0.0,NO_SPECTRUM,False,False,2314.000129699707,False,99.0,99.0,99.0,,0.0,False,False,-70.9176742427724,127.90876387672782,high,halo,95.7,291,10.513531090540729,,,2.285017706531142,1.7912635671226211,-0.009935492876711843,0.00013034069074302566,False,False,0.0,NORMAL
J152010.51-093312.1,230.043816,-9.5533639,13.894,11.956,8.423,6.975,0.027,0.022,0.026,0.099,39.6,48.3,41.3,10.9,-181.0,-232.0,AAAA,1.9379997,8.423,13.894,1912.68,3.1140506,2.3721132,0.59250075,13.492823,0,0,0.83848256,-2.5307605,-1.359476,9.52914,0,1,0.5013145,-2.5396097,-1.7833813,7.8433,1,1,1,1,0,4,26.985645294189453,294.2532922500613,37.44527979107856,0,999.9,339.5297369198568,2.0497458391143102e-17,,,,,,False,,,,0.0,NO_SPECTRUM,False,False,2281.0001373291016,False,99.0,99.0,99.0,,0.0,False,False,38.57495127295273,352.6036648126756,high,halo,94.6,275,10.443508840793985,0.08659523,0.05406675,2.94197828752281,1.551809569418212,-0.008858027574092387,-0.0062080243926289245,False,False,0.0,NORMAL
J161059.60+522426.9,242.748349,52.407473,15.543,13.433,9.396,7.525,0.032,0.026,0.025,0.084,34.2,42.2,42.6,12.9,-33.0,134.0,AAAA,2.1100006,9.396,15.543,1443.2400000000002,3.470573,1.4311646,-0.39546734,12.162997,0,0,1.3979039,-1.1433905,0.018748,9.456381,0,1,1.0736108,-1.2067933,-0.26548457,7.8349156,1,1,1,1,0,4,24.32599449157715,138.00362314084367,34.59156708614204,0,999.9,256.0421129951102,2.599389042091073e-17,,,,,,False,,,,0.0,NO_SPECTRUM,False,False,2194.9996948242188,False,99.0,99.0,99.0,,0.0,False,False,45.32466383926554,81.35820987679932,moderate,halo,94.2,500,6.998628794360023,0.22319442,,1.9762288329586897,1.5327229653635333,0.0034041568778656823,0.008594098408459226,True,False,-10.0,VARIABLE
J213213.86-610413.7,323.05776,-61.0704869,14.458,12.454,8.685,7.111,0.028,0.024,0.023,0.091,38.7,45.4,46.5,12.0,1.0,-341.0,AAAA,2.0039997,8.685,14.458,1756.98,3.250855,2.1187434,0.25459048,13.18527,0,0,1.053143,-2.1571827,-0.88808817,9.757792,0,0,0.7209154,-2.1807215,-1.2642219,8.096654,1,1,1,1,0,4,26.370540618896484,341.0014662725074,36.93985171671776,0,999.9,303.43287883993247,2.418600787034252e-17,,,,,,False,,,,0.0,NO_SPECTRUM,False,False,2248.000144958496,False,99.0,99.0,99.0,,0.0,False,False,-42.6061202323738,333.064191013834,high,halo,93.7,322,9.992022402573577,0.10978134,0.08657682,1.9262033622955608,2.3437070282077492,0.0015739430862713177,0.0015943022166032877,False,False,0.0,NORMAL
J024127.61-334918.4,40.3650664,-33.8217929,15.171,12.93,8.638,6.945,0.033,0.026,0.024,0.07,33.3,41.6,44.8,15.5,-89.0,-140.0,AAAA,2.2409992,8.638,15.171,1385.28,3.7421062,2.1641963,-0.17258996,14.300022,0,0,1.823968,-2.2241998,-0.29216784,13.275642,0,0,1.5094807,-2.2451034,-0.60790944,11.703205,1,1,1,1,0,4,28.60004425048828,165.89454481688057,41.41857950755005,0,999.9,280.28005555993576,3.4743941498680904e-17,,,,,,False,,,,0.0,NO_SPECTRUM,False,False,2129.500389099121,False,99.0,99.0,99.0,,0.0,False,False,-65.45134740889415,235.48961394738208,moderate,halo,93.3,394,10.518942547214234,0.24350406,0.1434752,17.51515535543893,2.114825299677958,-0.0005666054778449732,0.002565422503687864,True,False,-10.0,VARIABLE
J013401.19+143639.5,23.5049749,14.6109978,14.246,12.142,8.608,6.713,0.029,0.023,0.025,0.064,38.0,46.3,44.2,17.0,-10.0,222.0,AAAA,2.104,8.608,14.246,1759.4,3.4581351,2.1932077,0.3816063,14.045823,0,0,1.3783876,-2.2669754,-1.0652764,11.659959,0,1,1.0536454,-2.2861972,-1.4593668,10.036248,1,1,1,1,0,4,28.091646194458008,222.2251110923336,39.91261091308594,0,999.9,253.68885173828647,5.628650028426223e-17,,,,,,False,,,,0.0,NO_SPECTRUM,False,False,2197.999954223633,False,99.0,99.0,99.0,,0.0,False,False,-47.00053542838185,138.12729698326186,high,halo,93.0,265,10.508128937412728,0.09064105,0.064818874,1.5208354140772964,1.6131129409327651,0.006106950311848758,0.005266178222448662,False,False,0.0,NORMAL
J065027.17-555224.5,102.6132428,-55.8734771,14.611,12.624,8.872,6.99,0.026,0.022,0.022,0.068,42.5,49.0,49.6,15.9,164.0,143.0,AAAA,1.9870005,8.872,14.611,2082.5,3.215619,1.937904,0.16292341,12.716637,0,0,0.9978542,-1.8905462,-0.7602118,9.028003,0,0,0.664354,-1.9245695,-1.1233863,7.360502,1,1,1,1,0,4,25.433273315429688,217.5890622251036,35.54045867430878,0,999.9,255.0063054407891,4.300467139312979e-17,,,,,,False,,,,0.0,NO_SPECTRUM,False,False,2256.499767303467,False,99.0,99.0,99.0,,0.0,False,False,-22.309497613917237,265.60164078316217,high,thick_disk,92.5,500,6.5187387786995314,0.12613176,0.100168355,2.3474221392002756,3.0565124389403806,0.00484914946345245,0.006765232499771323,False,False,0.0,NORMAL
J091413.07+724437.7,138.5544629,72.7438329,15.168,12.925,8.798,7.245,0.033,0.025,0.027,0.106,32.4,43.2,39.8,10.2,193.0,-8.0,AAAA,2.243,8.798,15.168,1399.68,3.7462535,2.009466,-0.17079298,14.082166,0,0,1.8304756,-1.9960597,-0.29467463,13.000518,0,1,1.516138,-2.025934,-0.61067027,11.428829,1,1,1,1,0,4,28.164331436157227,193.1657319505714,40.79885051841735,0,999.9,304.9950221580249,2.120413333220265e-17,,,,,,False,,,,0.0,NO_SPECTRUM,False,False,2128.499984741211,False,99.0,99.0,99.0,,0.0,False,False,36.1216026298767,140.284329285407,moderate,halo,92.4,389,9.434199250239564,0.18354318,0.116976224,2.0242976552432346,1.5707552020247901,0.0005827234079656433,0.0007406016073904318,True,False,-10.0,VARIABLE
J223900.22+330237.4,339.7509425,33.0437245,13.854,12.119,8.823,7.223,0.026,0.022,0.027,0.099,41.6,49.3,39.7,11.0,11.0,-304.0,AAAA,1.7349997,8.823,13.854,2050.88,2.6932735,1.9852897,0.616466,11.674221,0,0,0.17823847,-1.9604135,-1.3929076,5.4782376,0,1,-0.1741249,-1.9916896,-1.820201,3.716421,1,1,1,1,0,4,23.34844207763672,304.19894805866767,31.450350077670134,0,999.9,303.14976620861563,2.167396197249223e-17,,,,,,False,,,,0.0,NO_SPECTRUM,False,False,2382.500171661377,False,99.0,99.0,99.0,,0.0,False,False,-22.10281922853698,93.31520316668792,high,thick_disk,91.6,318,10.505807959041752,0.13026603,0.11557944,4.215248854002366,4.3744624285291795,0.014724778861607165,0.013769359884193923,False,False,0.0,NORMAL
J021958.37-402138.1,34.9932188,-40.3605911,15.384,13.461,8.977,7.128,0.035,0.03,0.025,0.069,31.3,36.8,42.8,15.6,72.0,-40.0,AAAA,1.9229994,8.977,15.384,1151.84,3.0829582,1.8363622,-0.30020517,11.703213,0,0,0.78969496,-1.7408292,-0.11414353,7.3209944,0,0,0.4514041,-1.7807397,-0.4118437,5.6295395,1,1,1,1,0,4,23.40642547607422,82.365041127896,32.408533905401306,0,999.9,258.40840466957934,3.65498739333282e-17,,,,,,False,,,,0.0,NO_SPECTRUM,False,False,2288.5003089904785,False,99.0,99.0,99.0,,0.0,False,False,-67.4394219924512,254.4886501363016,moderate,halo,91.3,392,10.515125370157413,0.32250252,0.24768569,51.60999919458763,30.254927884615384,0.0028948749029672925,0.008783709833064271,True,False,-10.0,VARIABLE
J155827.03+850432.3,239.612634,85.0756551,15.965,13.846,9.341,7.664,0.035,0.028,0.025,0.092,30.9,38.4,42.6,11.8,12.0,-138.0,AAAA,2.1190004,9.341,15.965,1186.56,3.4892278,1.4843532,-0.6483008,12.045913,0,0,1.4271752,-1.2218138,0.37145287,9.456281,0,1,1.1035558,-1.2821327,0.12296433,7.838185,1,1,1,1,0,4,24.09182548522949,138.52075656738234,34.30194305321578,0,999.9,282.32650850840497,1.7595539142111652e-17,,,,,,False,,,,0.0,NO_SPECTRUM,False,False,2190.499782562256,False,99.0,99.0,99.0,,0.0,False,False,30.440507911827368,118.77296207645652,moderate,halo,90.9,500,6.951593263572907,,0.1880676,1.7535414205166537,1.4150755855453063,-0.0036599547696888573,-0.00033582947958640894,True,False,-10.0,VARIABLE
J064954.38-350303.3,102.4766032,-35.0509345,14.236,12.441,9.014,7.431,0.027,0.022,0.025,0.091,40.6,48.6,43.3,12.0,220.0,306.0,AAAA,1.7950001,9.014,14.236,1973.16,2.817642,1.8005813,0.38759777,11.541395,0,0,0.3733858,-1.6880724,-1.0736345,5.855689,0,0,0.025513696,-1.7300575,-1.4685719,4.1163287,1,1,1,1,0,4,23.08279037475586,376.8766376415497,31.369512580949017,0,999.9,305.20474367959,1.7632280856567908e-17,,,,,,False,,,,0.0,NO_SPECTRUM,False,False,2352.499961853028,False,99.0,99.0,99.0,,0.0,False,False,-15.470498961700494,244.7855545068097,high,thick_disk,90.6,457,9.434033643477083,0.1326998,,2.7810492264597038,3.9072611714457417,0.006891688483303868,0.00494120181496447,False,False,0.0,NORMAL
J233511.78+110741.9,353.7990993,11.12833,14.556,12.226,7.974,6.155,0.031,0.024,0.021,0.053,34.8,44.6,51.1,20.6,150.0,-389.0,AAAA,2.33,7.974,14.556,1552.08,3.9265862,2.8063233,0.19587584,16.18512,0,0,2.113437,-3.1709762,-0.8061808,16.375706,0,1,1.8056116,-3.154651,-1.1740137,14.836581,1,1,1,1,0,4,32.3702392578125,416.9184572551328,47.45477075195313,0,999.9,262.4565397530719,8.57659774598426e-17,,,,,,False,,,,0.0,NO_SPECTRUM,False,False,2085.0000381469727,False,99.0,99.0,99.0,,0.0,False,False,-47.50782854339825,94.61433400283036,high,halo,89.8,273,10.505109291882263,0.11538034,0.084810205,1.7081883374382467,1.9246727438534008,0.005622996662271942,0.008843905923258679,False,False,0.0,NORMAL
J055348.26-573136.0,88.4510918,-57.5266895,13.95,11.13,8.062,6.488,0.025,0.021,0.019,0.054,43.9,52.7,57.0,20.3,122.0,356.0,AAAA,2.8199997,8.062,13.95,2313.53,4.9422545,2.7212217,0.55894953,19.467546,0,0,3.7071283,-3.0454993,-1.3126717,24.537035,0,0,3.4359813,-3.0341082,-1.7318338,23.181301,1,1,1,1,0,4,38.93509292602539,376.3243282064023,60.894483000198136,0,999.9,314.12869994433674,3.858116355357104e-17,,,,,,False,,,,0.0,NO_SPECTRUM,False,False,1372.0001220703125,False,99.0,99.0,99.0,,0.0,False,False,-30.237716542118758,265.92485732163925,high,halo,88.9,500,6.953157486735126,0.10795854,0.07932467,3.290844873340431,8.506699923284069,-0.00041858092183678924,0.0019461492254621595,True,False,-10.0,VARIABLE
J081416.82-795126.3,123.5701191,-79.8573154,14.775,12.573,8.697,6.886,0.029,0.023,0.021,0.06,37.6,48.1,51.0,18.0,-41.0,383.0,AAAA,2.2019997,8.697,14.775,1808.56,3.661268,2.1071396,0.0646661,14.209179,0,0,1.6971246,-2.1400735,-0.62314206,12.764568,0,0,1.3797181,-2.1642852,-0.97242546,11.177535,1,1,1,1,0,4,28.418357849121094,385.1882656571978,40.93380094077256,0,999.9,264.03007153448374,4.298888649351871e-17,,,,,,False,,,,0.0,NO_SPECTRUM,False,False,2149.00016784668,False,99.0,99.0,99.0,,0.0,False,False,-23.16818679016081,292.6105269393454,high,thick_disk,87.6,500,6.44057645494866,0.12838283,0.09726367,1.8195690697801854,2.143026286948898,0.003534850759400067,0.0001186217454918369,False,False,0.0,NORMAL
J222345.27-284104.4,335.9386529,-28.6845737,13.822,11.883,8.519,6.818,0.026,0.023,0.028,0.093,42.2,46.4,39.2,11.7,-204.0,-84.0,AAAA,1.9389992,8.519,13.822,1958.08,3.1161225,2.2792757,0.63563854,13.402919,0,0,0.8417332,-2.3938775,-1.4196535,9.402856,0,1,0.50464,-2.408109,-1.8496574,7.71739,1,1,1,1,0,4,26.805837631225582,220.6173157302028,37.20113717568084,0,999.9,282.37406218796866,3.8043923915078784e-17,,,,,,False,,,,0.0,NO_SPECTRUM,False,False,2280.5004119873047,False,99.0,99.0,99.0,,0.0,False,False,-57.46483475518331,21.41514620242388,high,halo,87.2,287,9.999190680848736,0.088507645,,2.7494818414007867,38.70770285087719,-0.002452595655020009,0.0031800980248931007,True,False,-10.0,VARIABLE
J110700.87-255107.4,166.7536484,-25.8520653,13.81,12.046,8.622,6.723,0.026,0.022,0.023,0.078,41.4,50.4,46.6,13.9,306.0,120.0,AAAA,1.7640009,8.622,13.81,2086.56,2.753387,2.179669,0.64282763,12.172492,0,0,0.27256304,-2.2470133,-1.4296823,6.36498,0,1,-0.07762948,-2.26702,-1.8607025,4.614018,1,1,1,1,0,4,24.34498405456543,328.6883021952561,32.933898811113245,0,999.9,253.3699742970349,5.595011967535978e-17,,,,,,False,,,,0.0,NO_SPECTRUM,False,False,2367.99955368042,False,99.0,99.0,99.0,,0.0,False,False,31.35785737939409,275.3039445961676,high,halo,86.4,315,10.431821882190295,0.17020513,0.0851817,3.010056370744309,2.8964116770750397,0.01226364096982244,0.009898462088169316,True,False,-10.0,VARIABLE
J183821.26+652746.7,279.5886175,65.462999,13.905,11.613,7.516,5.871,0.023,0.02,0.015,0.029,46.4,54.6,74.0,37.3,336.0,-227.0,AAAA,2.2919998,7.516,13.905,2533.44,3.8478198,3.2492366,0.5859105,17.003223,0,0,1.9898441,-3.8240244,-1.3502824,17.033604,0,1,1.6791743,-3.7820203,-1.7732562,15.480255,1,1,1,1,0,4,34.006446838378906,405.493526458808,49.59500070883392,0,999.9,288.52525758474764,8.654401446545824e-17,,,,,,False,,,,0.0,NO_SPECTRUM,False,False,2104.0000915527344,False,99.0,99.0,99.0,,0.0,False,False,25.842137038550376,95.5014262241882,high,thick_disk,86.4,500,1.9768993239151393,,,9.01529359626004,18.512636483433734,-0.008841393527497562,-0.004897947357653542,True,False,-10.0,VARIABLE
J043338.57-731619.4,68.4107443,-73.2720817,14.103,10.432,5.502,3.798,0.025,0.021,0.015,0.021,43.8,52.9,73.8,52.7,296.0,69.0,AAAA,3.6709995,5.502,14.103,2317.02,6.7062016,5.1968946,0.46728247,28.38123,0,0,6.474948,-6.6957245,-1.1847954,43.235813,0,0,6.267502,-6.5408006,-1.5909982,42.19858,1,1,1,1,0,4,56.76245880126953,303.9358484943821,98.43745037691576,0,999.9,277.6539536403536,6.475350905856407e-16,,,,,,False,,,,0.0,NO_SPECTRUM,False,False,1031.6001892089844,False,99.0,99.0,99.0,,0.0,False,False,-35.56251391128976,285.96780321174714,high,halo,83.8,500,6.995097551622169,0.42858258,,107.13687531312625,307.8220067771084,-0.050088918919131836,-0.02757724002670049,True,False,-15.0,VARIABLE
J044024.40-731441.6,70.1016701,-73.2448907,10.787,8.605,5.619,4.389,0.023,0.019,0.014,0.022,48.1,55.8,77.6,48.8,164.0,22.0,AAAA,2.1820002,5.619,10.787,2683.98,3.6198132,5.0837483,2.4540029,20.939064,0,0,1.6320776,-6.5288973,-3.9562871,20.781887,0,0,1.3131739,-6.3805337,-4.64336,19.187368,1,1,1,1,0,4,41.87812805175781,165.46903033498444,60.15374480867005,0,999.9,465.84525315486167,1.0346050325933075e-16,,,,,,False,,,,0.0,NO_SPECTRUM,False,False,2158.9999198913574,False,99.0,99.0,99.0,,0.0,False,False,-35.131223807657754,285.68834500793054,moderate,halo,83.1,500,6.4489976823545705,0.5256555,,779.8864604208417,978.5097891566265,0.03370578227378464,0.031235621872407953,True,False,15.0,FADING
J033514.30-464330.1,53.809611,-46.725048,16.483,13.985,9.053,7.165,0.048,0.03,0.026,0.081,22.6,36.5,42.3,13.3,134.0,-33.0,AAAA,2.4980001,9.053,16.483,824.9000000000001,4.274816,1.7628655,-0.95865077,14.510096,0,0,2.6598463,-1.6324629,0.8043937,15.866312,0,0,2.3645964,-1.6766344,0.5997805,14.390062,1,1,1,1,0,4,29.02019119262696,138.00362314084367,43.518679292867205,0,999.9,253.4025517501668,3.732142589964143e-17,,,,,,False,,,,0.0,NO_SPECTRUM,False,False,2000.999927520752,False,99.0,99.0,99.0,,0.0,False,False,-52.44568678870684,255.44613724222265,moderate,halo,82.6,500,10.508849902094445,0.32358694,,1.447138736122533,1.157938804394333,-0.010292618457855512,0.0011567663462612194,True,False,-10.0,VARIABLE
J141359.15+764336.8,213.4964854,76.7268956,15.207,12.844,9.047,7.387,0.029,0.023,0.025,0.082,37.5,47.3,43.9,13.2,281.0,-101.0,AAAA,2.363,9.047,15.207,1773.75,3.9949884,1.7686684,-0.19415885,14.4438095,0,0,2.220767,-1.6410187,-0.26207906,14.447014,0,1,1.9154121,-1.684854,-0.57477134,12.9202385,1,1,1,1,0,4,28.887619018554688,298.6000669792289,42.53990776672363,0,999.9,287.16498222101654,2.1635984361206346e-17,,,,,,False,,,,0.0,NO_SPECTRUM,False,False,2068.50004196167,False,99.0,99.0,99.0,,0.0,False,False,39.421924637505626,116.91910211823284,high,halo,82.5,500,6.946183094346345,0.20643486,0.10629159,2.1246404073324547,1.7223937621336423,0.001563532882886543,0.0050828269397635885,True,False,-10.0,VARIABLE
J052409.52-224536.5,81.0396971,-22.7601541,15.431,13.017,8.919,7.249,0.04,0.027,0.025,0.107,27.1,39.7,43.8,10.1,30.0,135.0,AAAA,2.4139996,8.919,15.431,1075.87,4.1007,1.8924522,-0.3283643,14.812413,0,0,2.38664,-1.8235304,-0.07486128,15.389741,0,1,2.0851023,-1.860189,-0.36858046,13.882051,1,1,1,1,0,4,29.62482643127441,138.2931668593933,43.92769026230758,0,999.9,284.33452591758527,2.5271279913319134e-17,,,,,,False,,,,0.0,NO_SPECTRUM,False,False,2043.0002212524412,False,99.0,99.0,99.0,,0.0,False,False,-28.780031247166452,225.3196699682678,moderate,thick_disk,82.1,362,9.96061231838466,0.26139534,,3.7296913189594973,6.52759675606669,-0.00540977083213072,-0.0014812212403693971,True,False,-10.0,VARIABLE
J011130.84-260118.5,17.878536,-26.021813,14.631,12.654,9.07,7.317,0.03,0.025,0.031,0.102,36.4,42.6,35.5,10.7,247.0,-420.0,AAAA,1.9769993,9.07,14.631,1550.64,3.1948888,1.7464262,0.15094107,12.355247,0,0,0.965326,-1.6082242,-0.7434964,8.470424,0,1,0.63107723,-1.6533489,-1.1049768,6.7991796,1,1,1,1,0,4,24.710493087768555,487.24634426540337,34.48101859520321,0,999.9,273.004308114726,2.6355818396406722e-17,,,,,,False,,,,0.0,NO_SPECTRUM,False,False,2261.500358581543,False,99.0,99.0,99.0,,0.0,False,False,-85.37725688392851,200.2172010869849,high,halo,81.4,334,10.512862444188913,0.2511007,0.21660052,25.920414581759818,2.666647366526624,0.013831580163007116,0.008956759961838624,True,False,-10.0,VARIABLE
J023658.58-583351.9,39.2441155,-58.5644205,15.085,12.942,9.172,7.304,0.031,0.024,0.027,0.107,35.3,44.9,39.5,10.1,65.0,-292.0,AAAA,2.1429996,9.172,15.085,1584.9699999999998,3.5389733,1.647786,-0.121064946,12.967534,0,0,1.505231,-1.4627852,-0.36404565,10.700662,0,0,1.183408,-1.5136288,-0.68707156,9.091547,1,1,1,1,0,4,25.935068130493164,299.1471209956733,37.05083625641708,0,999.9,256.7243761141179,3.1606773706834726e-17,,,,,,False,,,,0.0,NO_SPECTRUM,False,False,2178.500175476074,False,99.0,99.0,99.0,,0.0,False,False,-53.5977215964987,279.9434753927191,high,halo,80.3,500,8.500709231074598,0.15506792,0.12784277,1.698002205583041,1.702650662653432,0.011710497144013678,0.015079108989068214,True,False,-10.0,VARIABLE
J014259.41-340105.6,25.7475679,-34.0182264,14.853,12.745,8.715,7.096,0.031,0.025,0.025,0.084,35.0,44.1,43.4,12.9,-119.0,-397.0,AAAA,2.1079998,8.715,14.853,1543.5,3.466426,2.089732,0.017933792,13.551809,0,0,1.3913964,-2.114407,-0.5579501,11.15438,0,0,1.0669535,-2.139628,-0.9006268,9.532166,1,1,1,1,0,4,27.10361862182617,414.4514446832101,38.53050314864333,0,999.9,293.28925093651486,2.6833253304656732e-17,,,,,,False,,,,0.0,NO_SPECTRUM,False,False,2196.000099182129,False,99.0,99.0,99.0,,0.0,False,False,-76.9553650535215,247.93891773642292,high,halo,80.0,330,10.51335260312114,0.21645637,0.20633325,2.2166160093534977,2.9949234753120235,0.0054139954607241286,0.009668545112103508,True,False,-10.0,VARIABLE
J081203.49-134253.5,123.0145435,-13.7148837,14.101,12.322,9.018,7.206,0.027,0.022,0.03,0.097,39.9,49.5,36.8,11.2,179.0,311.0,AAAA,1.7790003,9.018,14.101,1975.05,2.7844777,1.7967134,0.46848068,11.516985,0,0,0.32134753,-1.6823694,-1.1864668,5.668645,0,1,-0.027722206,-1.7245786,-1.592839,3.9232962,1,1,1,1,0,4,23.03396987915039,358.83422356291493,31.22945774419029,0,999.9,265.21340190468027,3.154278394639449e-17,,,,,,False,,,,0.0,NO_SPECTRUM,False,False,2360.499858856201,False,99.0,99.0,99.0,,0.0,False,False,10.941297708855515,234.6706871584939,high,thick_disk,79.9,329,9.949437998083491,0.16115968,,2.463446474221139,5.353432004969419,0.01076038343520376,0.003958979292222423,True,False,-10.0,VARIABLE
J132546.84+672327.6,201.4451896,67.3910233,15.191,13.022,8.479,6.601,0.031,0.025,0.023,0.053,34.7,43.4,47.6,20.5,428.0,82.0,AAAA,2.1689997,8.479,15.191,1505.98,3.592866,2.317958,-0.18457286,14.070962,0,0,1.5897944,-2.4509122,-0.27545157,12.400315,0,1,1.2699176,-2.462901,-0.5894991,10.800931,1,1,1,1,0,4,28.141923904418945,435.7843503385591,40.34988880564045,0,999.9,254.792251483758,6.176530614563062e-17,,,,,,False,,,,0.0,NO_SPECTRUM,False,False,2165.5001640319824,False,99.0,99.0,99.0,,0.0,False,False,49.39849265324201,117.8725195845102,high,halo,79.7,500,8.517571275947988,0.16520295,0.09971968,1.647016655489144,1.4740500287684744,0.00928961755611711,0.004102235985757443,True,False,-10.0,VARIABLE
J224224.74-231628.6,340.6030964,-23.2746271,14.668,12.388,8.58,6.985,0.032,0.025,0.025,0.098,33.6,43.7,42.8,11.1,-104.0,-225.0,AAAA,2.2800007,8.58,14.668,1468.3200000000002,3.8229482,2.2202852,0.12877281,14.928045,0,0,1.9508177,-2.3068995,-0.7125715,14.323431,0,1,1.6392498,-2.3245513,-1.0709178,12.765593,1,1,1,1,0,4,29.856090545654297,247.87295132789296,43.47047201432533,0,999.9,298.92758675045343,2.824001213619514e-17,,,,,,False,,,,0.0,NO_SPECTRUM,False,False,2109.999656677246,False,99.0,99.0,99.0,,0.0,False,False,-60.64081651567442,33.23130217572079,high,halo,78.6,258,9.991195908145118,0.18076,,6.778080921692607,1.9800817153033088,0.0023109535982008714,0.007279720767069369,True,False,-10.0,VARIABLE
J023721.68-570645.3,39.3403402,-57.1125836,15.445,13.769,8.932,7.015,0.033,0.029,0.026,0.089,32.7,37.4,42.6,12.2,49.0,-244.0,AAAA,1.6759996,8.932,15.445,1222.98,2.5709786,1.8798801,-0.33675212,10.196004,0,0,-0.013655118,-1.8049934,-0.06316022,3.3547323,0,0,-0.37043488,-1.8423809,-0.35569358,1.5708337,1,1,1,1,0,4,20.39200782775879,248.8714527622644,27.227407220262908,0,999.9,250.04425318945675,4.448836199013886e-17,,,,,,False,,,,0.0,NO_SPECTRUM,False,False,2412.0001792907715,False,99.0,99.0,99.0,,0.0,False,False,-54.63293377982622,278.2044683529137,high,halo,77.7,500,9.507440663682415,0.24736457,,1.9673522089568662,1.3849221506426412,0.012038486605004771,0.004899311036337843,True,False,-10.0,VARIABLE
J105027.24-701039.5,162.6135033,-70.177643,15.344,13.068,9.067,7.192,0.039,0.026,0.023,0.066,27.6,41.8,48.2,16.5,66.0,88.0,AAAA,2.276,9.067,15.344,1153.68,3.8146555,1.7493268,-0.27623993,13.791717,0,0,1.9378058,-1.6125008,-0.14757524,12.911442,0,0,1.6259384,-1.6574574,-0.44866344,11.352105,1,1,1,1,0,4,27.58343315124512,110.0,40.1394119216919,0,999.9,255.5811535627325,3.5500161063553815e-17,,,,,,False,,,,0.0,NO_SPECTRUM,False,False,2111.999988555908,False,99.0,99.0,99.0,,0.0,False,False,-9.686104452941338,292.95322487213787,moderate,thin_disk,77.6,500,8.995759794058865,0.24125113,0.12975848,3.116621426446643,2.0446527821267537,0.019143882953013037,0.01667436883897423,True,False,-10.0,VARIABLE
J053400.20-355942.2,83.5008423,-35.9950702,15.104,12.641,7.977,6.239,0.034,0.024,0.018,0.053,32.3,45.3,61.6,20.6,135.0,320.0,AAAA,2.4630003,7.977,15.104,1463.1899999999998,4.2022686,2.8034217,-0.13244848,16.679491,0,0,2.5460117,-3.1666982,-0.34816554,18.204454,0,0,2.248142,-3.1505413,-0.66958207,16.715105,1,1,1,1,0,4,33.35898208618164,347.3110997362451,49.79161866337364,0,999.9,273.05199672671057,7.140602039249725e-17,,,,,,False,,,,0.0,NO_SPECTRUM,False,False,2018.4998512268064,False,99.0,99.0,99.0,,0.0,False,False,-30.44257530609281,240.6328205289709,high,halo,77.3,500,9.957888110280626,0.22878036,0.15308826,2.6778653052545365,3.4556393059556614,0.011128151095352387,0.007280555240762631,True,False,-10.0,VARIABLE
J045820.72-424342.7,74.5863376,-42.7285452,15.487,13.113,8.53,6.764,0.034,0.025,0.021,0.055,31.6,42.7,51.8,19.7,259.0,93.0,AAAA,2.3740005,8.53,15.487,1349.3200000000002,4.0177903,2.2686384,-0.3619161,15.094413,0,0,2.256546,-2.3781934,-0.028056242,15.458091,0,0,1.9520143,-2.3930416,-0.3170321,13.9354315,1,1,1,1,0,4,30.188825607299805,275.1908428709066,44.52248302452831,0,999.9,269.22518857796734,4.5711375415440475e-17,,,,,,False,,,,0.0,NO_SPECTRUM,False,False,2062.999725341797,False,99.0,99.0,99.0,,0.0,False,False,-38.24817127200827,247.46735986100492,high,halo,76.6,500,8.946223322272422,0.2254125,0.1704719,1.7440283792599347,1.5697898864746094,0.002936079533168696,0.0052007754262117815,True,False,-10.0,VARIABLE
J032813.34-454620.4,52.055589,-45.7723346,13.872,12.186,8.806,6.775,0.024,0.021,0.022,0.054,45.5,50.7,49.6,20.1,21.0,-18.0,AAAA,1.6859999,8.806,13.872,2306.85,2.591707,2.00173,0.60568184,11.383397,0,0,0.018869955,-1.9846535,-1.3778636,4.7034917,0,0,-0.33716124,-2.0149765,-1.8036325,2.9233356,1,1,1,1,0,4,22.76679420471192,27.65863337187866,30.44375675520489,0,999.9,238.26702424072573,6.370521015726125e-17,,,,,,False,,,,0.0,NO_SPECTRUM,False,False,2407.000064849853,False,99.0,99.0,99.0,,0.0,False,False,-53.885442201174335,254.52351764015333,low,halo,75.5,500,10.50631117634497,0.08499297,,2.2600479278870242,2.3337583733370986,-0.0022684046697396265,0.0025769179292100997,False,False,0.0,NORMAL
J032635.16-735621.1,51.6465212,-73.9392222,15.99,13.721,9.468,7.651,0.036,0.027,0.029,0.102,30.4,40.5,38.0,10.6,242.0,-409.0,AAAA,2.269,9.468,15.99,1231.2,3.800146,1.3615359,-0.6632789,12.779464,0,0,1.9150388,-1.0407273,0.3923474,11.634988,0,0,1.6026475,-1.1081669,0.14597635,10.073031,1,1,1,1,0,4,25.558927536010746,475.2315225234959,37.157568851852425,0,999.9,262.7154618113184,2.156479470723996e-17,,,,,,False,,,,0.0,NO_SPECTRUM,False,False,2115.499973297119,False,99.0,99.0,99.0,,0.0,False,False,-39.05828919809919,290.0356607875085,high,halo,75.4,500,6.992143922162918,0.28971952,,1.9633208484184452,1.569190335560994,0.007682412153110419,0.013853464506093116,True,False,-10.0,VARIABLE
J113914.34+214121.3,174.8097894,21.6892504,14.735,12.743,8.864,6.985,0.031,0.026,0.025,0.095,34.5,41.6,43.8,11.4,226.0,322.0,AAAA,1.9919996,8.864,14.735,1435.2,3.2259815,1.94564,0.08863134,12.685036,0,0,1.0141135,-1.9019523,-0.6565738,9.050479,0,1,0.68098766,-1.9355272,-1.0092452,7.384849,1,1,1,1,0,4,25.37007141113281,393.3954753171419,35.47750583172241,0,999.9,255.22639900370245,4.311155694922621e-17,,,,,,False,,,,0.0,NO_SPECTRUM,False,False,2254.000186920166,False,99.0,99.0,99.0,,0.0,False,False,72.70765769310461,227.33439700150367,high,halo,74.5,285,9.957244359753593,0.16107915,,3.7332608934859155,3.2843041302037324,-0.028574959351907816,-0.0207306044448249,True,False,-15.0,VARIABLE
J014636.47+012354.7,26.651992,1.398548,13.61,11.778,8.675,6.594,0.025,0.021,0.025,0.068,44.2,51.6,43.2,16.0,27.0,5.0,AAAA,1.8319998,8.675,13.61,2280.7200000000003,2.8943348,2.1284144,0.76265436,12.63828,0,0,0.49372485,-2.1714418,-1.5968417,7.4881077,0,1,0.14862232,-2.1944199,-2.0448022,5.7625947,1,1,1,1,0,4,25.27655982971192,27.459060435491963,34.53789034025597,0,999.9,233.30388648693,8.010295253236014e-17,,,,,,False,,,,0.0,NO_SPECTRUM,False,False,2334.0001106262207,False,99.0,99.0,99.0,,0.0,False,False,-58.53279334881552,150.09806425659332,low,halo,74.2,286,10.523086002737854,0.08336366,0.10991244,2.6239591899671053,2.314853077203455,0.013580797686578706,0.012818201334223032,False,False,0.0,NORMAL
J034529.57-495446.8,56.373222,-49.9130145,14.107,12.327,8.55,6.295,0.025,0.021,0.02,0.042,43.7,50.8,55.3,25.7,18.0,-21.0,AAAA,1.7800007,8.55,14.107,2219.96,2.7865512,2.2492967,0.46488556,12.198484,0,0,0.3246013,-2.3496754,-1.1814517,6.5864854,0,0,-0.024393573,-2.365645,-1.5873156,4.8415112,1,1,1,1,0,4,24.39696884155273,27.65863337187866,33.082293164721136,0,999.9,216.9222534983483,1.3217810795249235e-16,,,,,,False,,,,0.0,NO_SPECTRUM,False,False,2359.999656677246,False,99.0,99.0,99.0,,0.0,False,False,-49.86088313867805,259.4768673095351,low,halo,73.7,500,8.944982773771374,0.08223922,0.07569648,1.7915639628867108,2.20547100059494,-0.00012664447108904253,0.005128132279193977,False,False,0.0,NORMAL
J022929.28-704728.3,37.3720214,-70.7911966,14.09,12.188,8.702,7.065,0.025,0.021,0.022,0.081,43.2,51.9,48.7,13.5,77.0,-659.0,AAAA,1.9020004,8.702,14.09,2242.08,3.0394316,2.1023042,0.47507092,12.746822,0,0,0.7213972,-2.1329439,-1.1956602,8.286665,0,0,0.38153455,-2.157436,-1.6029642,6.5873523,1,1,1,1,0,4,25.49364471435547,663.4832326442018,35.191429203187866,0,999.9,293.2601632885946,2.7450011886598707e-17,,,,,,False,,,,0.0,NO_SPECTRUM,False,False,2298.999786376953,False,99.0,99.0,99.0,,0.0,False,False,-44.18859436768503,291.9575595715385,very_high,halo,73.2,500,6.449973809500351,0.09987275,0.09863818,2.6572515147482463,7.105536267848197,0.009189704514611692,0.008227038149014742,True,False,-10.0,VARIABLE
J184132.20-603919.7,280.3841705,-60.6554944,14.83,12.844,8.987,7.198,0.033,0.026,0.031,0.108,32.8,41.0,34.9,10.0,-260.0,-218.0,AAAA,1.9860001,8.987,14.83,1344.8,3.2135456,1.8266915,0.031713676,12.412387,0,0,0.9946004,-1.7265701,-0.5771732,8.658098,0,0,0.6610254,-1.7670413,-0.92179793,6.990224,1,1,1,1,0,4,24.82477378845215,339.29927792437167,34.68517443372082,0,999.9,267.09228508065826,3.1249227195865827e-17,,,,,,False,,,,0.0,NO_SPECTRUM,False,False,2256.999969482422,False,99.0,99.0,99.0,,0.0,False,False,-22.249421833084483,334.8690671010396,high,thick_disk,72.8,340,10.00941230099932,0.15592276,0.091683894,1.9912062563375736,1.4788265622119285,0.007093512555919306,0.0062903630807742,True,False,-10.0,VARIABLE
J114337.02-323258.3,175.904285,-32.549528,15.059,12.803,8.539,6.738,0.033,0.025,0.023,0.074,32.7,42.8,47.0,14.6,331.0,119.0,AAAA,2.2559996,8.539,15.059,1399.56,3.7731988,2.259935,-0.10548751,14.604011,0,0,1.8727556,-2.3653607,-0.3857763,13.77816,0,0,1.5593911,-2.3807137,-0.71100444,12.211338,1,1,1,1,0,4,29.20802116394043,351.7413822682796,42.38667797646866,0,999.9,264.8292253013844,4.891535214055148e-17,,,,,,False,,,,0.0,NO_SPECTRUM,False,False,2122.000217437744,False,99.0,99.0,99.0,,0.0,False,False,28.18069600644253,286.73887538908747,high,thick_disk,72.7,334,10.44857638294319,0.2283534,,2.5621205125330437,1.6069277108433735,0.007974763834218045,0.004170790410996296,True,False,-10.0,VARIABLE
J002657.56-234837.1,6.7398731,-23.8103328,15.468,13.053,8.725,6.901,0.039,0.027,0.027,0.087,27.6,40.4,40.8,12.5,-217.0,-295.0,AAAA,2.415,8.725,15.468,1115.04,4.1027737,2.0800612,-0.35053256,15.077881,0,0,2.3898938,-2.100148,-0.043936368,15.759058,0,1,2.0884311,-2.1259296,-0.33452153,14.251745,1,1,1,1,0,4,30.15576171875,366.2157833846051,44.720994628906254,0,999.9,261.7265803570078,4.348127382286268e-17,,,,,,False,,,,0.0,NO_SPECTRUM,False,False,2042.5000190734863,False,99.0,99.0,99.0,,0.0,False,False,-83.55693057307656,62.57351823301523,high,halo,72.6,293,10.505541605913761,0.23587066,0.15244055,2.155096689860026,1.7723824936909365,0.0032167169457818466,-3.469309219249044e-05,True,False,-10.0,VARIABLE
J025824.21-001038.3,44.6008956,-0.1773165,13.893,11.917,7.815,5.476,0.026,0.022,0.019,0.036,42.2,50.0,57.8,30.2,28.0,1.0,AAAA,1.9759998,7.815,13.893,2110.0,3.1928172,2.9600856,0.59310013,14.61168,0,0,0.96207535,-3.397689,-1.3603121,11.323648,0,1,0.62775177,-3.3724494,-1.7843021,9.652031,1,1,1,1,0,4,29.223360061645508,28.0178514522438,40.77243078907341,0,999.9,210.0274158141553,3.1186764977817237e-16,,,,,,False,,,,0.0,NO_SPECTRUM,False,False,2262.00008392334,False,99.0,99.0,99.0,,0.0,False,False,-49.31289173080136,176.73253439449937,low,halo,72.2,272,9.973770596522918,0.10587938,,3.1745389255650367,3.3139924225983797,-0.005010515731751501,-0.0022273819328175134,False,False,0.0,NORMAL
J032729.52-105838.1,51.8730416,-10.9772743,13.947,12.3,9.02,6.731,0.026,0.023,0.032,0.072,42.2,47.4,34.4,15.1,-8.0,26.0,AAAA,1.6469994,9.02,13.947,2000.28,2.510867,1.7947785,0.5607471,10.785517,0,0,-0.107976586,-1.6795166,-1.3151792,3.6104212,0,1,-0.4669271,-1.7218379,-1.7345955,1.8156686,1,1,1,1,0,4,21.571033477783203,27.202941017470888,28.676529316840973,0,999.9,214.1903335577856,9.210267159338616e-17,,,,,,False,,,,0.0,NO_SPECTRUM,False,False,2426.5003204345703,False,99.0,99.0,99.0,,0.0,False,False,-49.96872553446724,196.83434930536555,low,halo,72.2,302,9.96473754179329,0.0978997,0.07538597,2.333057897827554,1.9361367463273464,0.005819761572545305,0.007152922568719758,False,False,0.0,NORMAL
J013943.47+281146.6,24.931166,28.1962902,14.224,12.234,8.707,6.375,0.026,0.023,0.024,0.047,41.7,47.9,45.7,23.0,27.0,-4.0,AAAA,1.9899998,8.707,14.224,1997.43,3.221836,2.0974689,0.3947874,13.206499,0,0,1.0076092,-2.1258144,-1.0836641,9.627772,0,1,0.6743336,-2.1505868,-1.479618,7.961393,1,1,1,1,0,4,26.41299819946289,27.29468812791236,36.92537042632919,0,999.9,210.65442997895377,1.3492708733182372e-16,,,,,,False,,,,0.0,NO_SPECTRUM,False,False,2255.000114440918,False,99.0,99.0,99.0,,0.0,False,False,-33.47562534700125,135.6981068655052,low,halo,71.7,281,10.517039602792611,0.10633697,0.08311897,1.9949268886021205,1.8114656720842635,0.004660422331838001,0.00678495924804079,False,False,0.0,NORMAL
J194522.53+391503.7,296.3438829,39.2510402,14.442,12.37,8.659,7.24,0.03,0.025,0.021,0.084,36.1,43.9,52.3,13.0,-168.0,-330.0,AAAA,2.0720005,8.659,14.442,1584.79,3.3918066,2.143887,0.26417646,13.655427,0,0,1.2743111,-2.1942554,-0.9014607,10.923506,0,1,0.94717354,-2.2163365,-1.2789496,9.287818,1,1,1,1,0,4,27.310853958129883,370.30257898102735,38.6284745694643,0,999.9,342.3521908835632,1.586882917622769e-17,,,,,,False,,,,0.0,NO_SPECTRUM,False,False,2213.9997482299805,False,99.0,99.0,99.0,,0.0,False,False,7.342712130426241,73.53287281761044,high,thin_disk,71.1,500,9.998801540889788,0.17369686,,3.4938707982370993,3.28863095565581,0.015927220504130476,0.011996378512856147,True,False,-10.0,VARIABLE
J231923.35+005202.6,349.8473284,0.867402,15.428,13.418,8.758,6.963,0.043,0.031,0.027,0.084,25.3,34.8,40.0,13.0,-370.0,-96.0,AAAA,2.0100002,8.758,15.428,880.4399999999999,3.263293,2.0481482,-0.32656732,12.535533,0,0,1.0726594,-2.0530944,-0.07736808,9.133025,0,1,0.74088085,-2.0807261,-0.37134132,7.4741335,1,1,1,1,0,4,25.07106590270996,382.2512262897269,35.149635398442,0,999.9,265.23424535646086,3.96273161557156e-17,,,,,,False,,,,0.0,NO_SPECTRUM,False,False,2244.999885559082,False,99.0,99.0,99.0,,0.0,False,False,-54.30827816725997,80.86650188417094,high,halo,70.3,260,9.998703782121838,0.21745244,,1.4772973962732263,1.5523234049479167,0.010960095010231657,0.012435025607756674,True,False,-10.0,VARIABLE
J054235.56-713535.8,85.6482028,-71.5932884,13.004,9.864,5.735,4.275,0.025,0.02,0.012,0.017,44.3,55.3,87.9,62.6,420.0,334.0,AAAA,3.1399994,5.735,13.004,2449.7899999999995,5.605548,4.9715695,1.1257281,25.399727,0,0,4.7479057,-6.3634963,-2.1033325,34.808395,0,0,4.500712,-6.221637,-2.6026223,33.572426,1,1,1,1,0,4,50.79945373535156,536.6153184544772,82.70150458521789,0,999.9,324.14534597832017,2.815994094704694e-16,,,,,,False,,,,0.0,NO_SPECTRUM,False,False,1244.000244140625,False,99.0,99.0,99.0,,0.0,False,False,-31.05152803550457,282.31788523510915,very_high,halo,69.3,500,3.527949201040384,0.6290093,,481.7268286573146,1010.5953219315895,-0.06315836057808324,-0.054179638410206045,True,False,-15.0,VARIABLE
J234624.95+464749.9,356.6039815,46.7972134,13.898,12.259,8.777,6.623,0.025,0.023,0.024,0.065,44.3,46.3,44.6,16.8,-6.0,27.0,AAAA,1.6389999,8.777,13.898,2051.09,2.4942858,2.029774,0.5901044,11.117623,0,0,-0.13399416,-2.0260026,-1.356133,3.9796815,0,1,-0.49354348,-2.0546997,-1.7796996,2.1819348,1,1,1,1,0,4,22.235246658325195,27.65863337187866,29.52396006821926,0,999.9,225.97527945263215,8.597631426697093e-17,,,,,,False,,,,0.0,NO_SPECTRUM,False,False,2430.500030517578,False,99.0,99.0,99.0,,0.0,False,False,-14.627324588276869,111.50907952440286,low,thick_disk,69.3,365,10.514295232306635,,,4.942092937543044,4.367881585743802,0.0038116248771969032,0.0076325475283030835,False,False,0.0,NORMAL
J134028.09+072400.9,205.1170814,7.4002703,14.48,12.651,8.717,6.415,0.028,0.024,0.024,0.053,38.5,46.0,46.1,20.5,0.0,0.0,AAAA,1.8289995,8.717,14.48,1771.0,2.888116,2.0877979,0.24140996,12.037455,0,0,0.4839667,-2.1115553,-0.86970127,6.836839,0,1,0.13863958,-2.1368885,-1.2439716,5.1102033,1,1,1,1,0,4,24.07490921020508,0.0,32.881508591807176,0,999.9,213.0019662574657,1.254694961103059e-16,,,,,,False,,,,0.0,NO_SPECTRUM,False,False,2335.500240325928,False,99.0,99.0,99.0,,0.0,False,False,67.10004464525203,335.687729447557,low,halo,68.5,302,10.438993828227241,0.123542584,,2.0080100024657392,1.6087019856770832,0.0006745812566900551,0.0008724383864033766,False,False,0.0,NORMAL
J070309.70-333124.8,105.7904267,-33.5235725,13.88,11.932,8.47,6.683,0.026,0.021,0.021,0.089,42.0,51.8,51.9,12.2,323.0,460.0,AAAA,1.948,8.47,13.88,2175.6,3.1347792,2.3266613,0.60088855,13.495218,0,0,0.8710076,-2.4637446,-1.371177,9.609249,0,0,0.53458816,-2.475229,-1.7962682,7.927152,1,1,1,1,0,4,26.99043655395508,562.0756176885811,37.50591063537598,0,999.9,268.3321504387535,4.9493062006338384e-17,,,,,,False,,,,0.0,NO_SPECTRUM,False,False,2276.000022888184,False,99.0,99.0,99.0,,0.0,False,False,-12.350605375935857,244.46999790606012,very_high,thick_disk,67.0,416,9.43883362245037,0.11247573,,6.399926463667168,8.261764157797403,0.005694564816865639,0.007779955580946715,True,False,-10.0,VARIABLE
J054110.02-830916.6,85.2917526,-83.1546199,15.991,13.756,8.946,7.119,0.04,0.028,0.023,0.069,26.8,38.9,48.2,15.7,156.0,261.0,AAAA,2.2350006,8.946,15.991,1042.52,3.7296722,1.8663412,-0.66387826,13.32465,0,0,1.804458,-1.7850313,0.39318353,12.091094,0,0,1.4895216,-1.8232037,0.14689723,10.516412,1,1,1,1,0,4,26.64929962158203,304.06742673295344,38.56153975034516,0,999.9,260.96692049367886,3.588401372189038e-17,,,,,,False,,,,0.0,NO_SPECTRUM,False,False,2132.4996948242188,False,99.0,99.0,99.0,,0.0,False,False,-28.996166566943,295.46717223640104,high,thick_disk,66.8,500,6.45450808479123,0.30691126,0.19799764,2.1106202675821355,1.204281843404175,0.0007913178548470264,-0.002308536601014939,True,False,-10.0,VARIABLE
J234658.41-003806.5,356.743416,-0.6351508,13.087,11.42,8.312,6.349,0.024,0.022,0.024,0.068,45.8,49.0,45.7,16.0,-126.0,-107.0,AAAA,1.6669998,8.312,13.087,2244.2,2.5523238,2.479457,1.0760001,12.452157,0,0,-0.042926442,-2.689032,-2.0339615,5.820282,0,1,-0.40037987,-2.6916578,-2.526221,4.033015,1,1,1,1,0,4,24.90431404113769,165.3027525481654,33.20741134628044,0,999.9,246.15880171134796,8.568601160968311e-17,,,,,,False,,,,0.0,NO_SPECTRUM,False,False,2416.5000915527344,False,99.0,99.0,99.0,,0.0,False,False,-59.31825911512263,89.97814997550987,moderate,halo,65.8,266,10.505462813360719,0.061849244,0.080037594,2.2997731334758256,2.910226958652712,0.006314143560227651,0.009153520443589351,False,False,0.0,NORMAL
J164031.79+575550.9,250.1324842,57.9308173,13.984,12.13,8.674,6.454,0.024,0.021,0.019,0.037,45.5,52.1,58.1,29.4,44.0,34.0,AAAA,1.8540001,8.674,13.984,2370.55,2.9399369,2.1293817,0.5385788,12.552463,0,0,0.56527936,-2.172868,-1.2842543,7.6237392,0,1,0.22182366,-2.1957903,-1.7005366,5.906461,1,1,1,1,0,4,25.10492515563965,55.60575509783138,34.41383190544933,0,999.9,220.0148836555288,1.0916227699189907e-16,,,,,,False,,,,0.0,NO_SPECTRUM,False,False,2322.999954223633,False,99.0,99.0,99.0,,0.0,False,False,39.93160704028976,87.30613506510169,moderate,halo,65.5,500,5.43614434042437,0.0972401,0.07961084,2.8624954988101203,2.828009534694389,-0.0036387883721800502,0.002663596332055849,False,False,0.0,NORMAL
J014313.34-052339.2,25.8055986,-5.3942238,13.118,11.494,8.577,6.494,0.024,0.021,0.025,0.063,45.4,52.9,43.3,17.2,13.0,-165.0,AAAA,1.6239996,8.577,13.118,2401.66,2.4631932,2.2231867,1.0574269,11.781786,0,0,-0.18278177,-2.3111775,-2.0080519,4.5898914,0,1,-0.54345393,-2.3286612,-2.4976857,2.7865307,1,1,1,1,0,4,23.56357192993164,165.51132891738862,31.217018207687683,0,999.9,233.2747127942328,8.783667934803864e-17,,,,,,False,,,,0.0,NO_SPECTRUM,False,False,2438.000202178955,False,99.0,99.0,99.0,,0.0,False,False,-65.01122469203705,154.80135370280678,moderate,halo,65.4,290,10.515801026885704,0.085455924,0.081300415,4.959098419928633,4.275165069474481,0.005100461831354376,0.005104055370699803,False,False,0.0,NORMAL
J024322.26-090306.1,40.8427524,-9.0517169,13.486,11.835,8.685,6.327,0.024,0.023,0.023,0.046,45.3,47.6,48.0,23.6,10.0,-54.0,AAAA,1.651,8.685,13.486,2156.28,2.5191596,2.1187434,0.8369464,11.57254,0,0,-0.0949647,-2.1571827,-1.7004797,4.59961,0,1,-0.45361575,-2.1807215,-2.1589434,2.8063545,1,1,1,1,0,4,23.14508056640625,54.91812087098393,30.787586169433595,0,999.9,208.6801786814497,1.454213243882538e-16,,,,,,False,,,,0.0,NO_SPECTRUM,False,False,2424.499988555908,False,99.0,99.0,99.0,,0.0,False,False,-57.98241368733722,183.85734384203272,moderate,halo,65.3,312,10.51763470672142,0.065864965,0.048226297,2.410599392710008,1.4320615909490555,-0.008882854058803229,-0.0023966376908533416,False,False,0.0,NORMAL
J224135.04-575201.7,340.3960271,-57.8671407,13.215,11.677,8.101,5.696,0.024,0.021,0.018,0.03,45.3,51.5,60.7,35.6,30.0,-189.0,AAAA,1.5380001,8.101,13.215,2332.95,2.284934,2.6835067,0.9993111,11.879374,0,0,-0.46248934,-2.989891,-1.9269798,4.053878,0,0,-0.8295989,-2.9806864,-2.4083974,2.21833,1,1,1,1,0,4,23.75874710083008,191.36614120580475,31.066938184220355,0,999.9,205.0236840006288,2.7572303959115944e-16,,,,,,False,,,,0.0,NO_SPECTRUM,False,False,2480.9999465942383,False,99.0,99.0,99.0,,0.0,False,False,-51.770073823419466,330.4064878594608,moderate,halo,65.3,327,9.999636512443535,0.053954206,0.038577054,2.7626732200201305,1.3653300466712999,-0.0005469389377154959,0.0003703182940448971,False,False,0.0,NORMAL
J135042.53-121943.8,207.6772112,-12.3288386,13.158,11.363,8.274,5.944,0.024,0.021,0.022,0.042,44.9,51.6,48.5,26.2,32.0,45.0,AAAA,1.7950001,8.274,13.158,2316.84,2.817642,2.5162053,1.0334617,13.260695,0,0,0.3733858,-2.743215,-1.9746201,7.9328012,0,1,0.025513696,-2.7437103,-2.4608657,6.1934404,1,1,1,1,0,4,26.521390914916992,55.21775076911409,36.04257078380001,0,999.9,210.9059871050694,1.9987065776808211e-16,,,,,,False,,,,0.0,NO_SPECTRUM,False,False,2352.499961853028,False,99.0,99.0,99.0,,0.0,False,False,48.00353713347321,324.85837238445333,moderate,halo,64.9,284,10.440022586064337,,0.07677622,4.700060688857491,2.624748957873233,0.004711392402392303,0.0037318287840323277,False,False,0.0,NORMAL
J000946.82-790943.7,2.4451014,-79.1621627,13.31,11.642,8.391,6.168,0.025,0.021,0.022,0.046,44.3,50.9,49.6,23.7,44.0,-33.0,AAAA,1.6680002,8.391,13.31,2254.87,2.5543976,2.4030595,0.9423934,12.2101755,0,0,-0.039672695,-2.576389,-1.8475791,5.550149,0,0,-0.39705124,-2.583444,-2.3209503,3.763256,1,1,1,1,0,4,24.420351028442383,55.0,32.5669811083448,0,999.9,219.82065580359247,1.4243894100228456e-16,,,,,,False,,,,0.0,NO_SPECTRUM,False,False,2415.9998893737798,False,99.0,99.0,99.0,,0.0,False,False,-37.76600622121149,305.3961896378983,moderate,halo,64.3,500,9.498578409472957,0.05548461,0.049250208,2.0394597789328657,2.1121004215462174,0.0011203268030719222,0.0054463503381272475,False,False,0.0,NORMAL
J041409.49-493137.9,63.5395802,-49.5272211,13.991,12.466,9.412,7.213,0.025,0.022,0.025,0.057,44.2,49.0,43.8,19.0,0.0,0.0,AAAA,1.5250006,9.412,13.991,2165.8,2.2579887,1.4156919,0.5343849,9.431889,0,0,-0.50476944,-1.120577,-1.2784039,0.8419215,0,0,-0.8728521,-1.1848768,-1.6940931,-0.99849206,1,1,1,1,0,4,18.86377716064453,0.0,24.61723145829437,0,999.9,,,,,,,,False,,,,0.0,NO_SPECTRUM,False,False,2487.499713897705,False,99.0,99.0,99.0,,0.0,False,False,-45.47297635418104,257.20030104089506,low,halo,64.2,500,7.964135800355922,0.07912343,0.098773174,2.0350154655013153,3.655940298565882,0.011053858833564125,0.010830415100910378,False,False,0.0,NORMAL
J141733.97-242151.6,214.3915782,-24.3643586,13.625,11.93,8.604,6.285,0.025,0.022,0.022,0.048,44.0,48.4,50.1,22.5,-20.0,19.0,AAAA,1.6949997,8.604,13.625,2129.6,2.6103618,2.1970756,0.7536672,11.880365,0,0,0.04814128,-2.2726786,-1.5843045,5.388525,0,1,-0.30721626,-2.2916758,-2.0309947,3.611737,1,1,1,1,0,4,23.760730743408203,27.586228448267445,31.815617039779735,0,999.9,211.73256166634184,1.4416677644130108e-16,,,,,,False,,,,0.0,NO_SPECTRUM,False,False,2402.5001525878906,False,99.0,99.0,99.0,,0.0,False,False,34.47431372619537,326.85814398929153,low,halo,64.0,280,10.433771569253947,0.10693564,0.13690893,4.681659001176075,34.27539762544803,-0.015531687696991875,-0.007444852629442116,True,False,-10.0,VARIABLE
J092404.30+722921.8,141.0179402,72.4894094,13.852,12.135,9.075,6.838,0.025,0.022,0.028,0.087,43.8,49.2,38.2,12.5,175.0,66.0,AAAA,1.717,9.075,13.852,2154.96,2.655964,1.7415909,0.61766416,11.197943,0,0,0.11969582,-1.6010946,-1.3945792,4.699325,0,1,-0.2340149,-1.6464998,-1.822042,2.9307714,1,1,1,1,0,4,22.395885467529297,187.0320828093405,30.086632537078856,0,999.9,218.6710335863008,7.811943665456373e-17,,,,,,False,,,,0.0,NO_SPECTRUM,False,False,2391.4999961853027,False,99.0,99.0,99.0,,0.0,False,False,36.89137221744664,140.1383073872903,moderate,halo,63.8,393,9.437009229322388,0.08399558,0.07089717,2.1404626028878346,2.1424815898038903,0.005251433375256708,0.0081594496201553,False,False,0.0,NORMAL
J230741.12+522419.5,346.9213359,52.4054233,15.181,13.209,8.725,6.972,0.038,0.027,0.023,0.089,28.8,39.6,48.3,12.1,124.0,-337.0,AAAA,1.9720001,8.725,15.181,1140.48,3.1845264,2.0800612,-0.17858142,12.4950905,0,0,0.9490666,-2.100148,-0.2838097,8.726873,0,1,0.6144436,-2.1259296,-0.5987043,7.053759,1,1,1,1,0,4,24.99018096923828,359.0891254271006,34.84630884330948,0,999.9,271.1540678750453,3.701772566197214e-17,,,,,,False,,,,0.0,NO_SPECTRUM,False,False,2263.999938964844,False,99.0,99.0,99.0,,0.0,False,False,-7.294188674944674,107.32583301079946,high,thin_disk,63.8,438,10.515725338453114,0.27054307,0.16627057,20.222428310926773,2.3297941788383154,0.0057460975866024345,0.007368327843869987,True,False,-10.0,VARIABLE
J174419.54+385839.2,266.0814384,38.977561,16.091,13.859,9.018,7.442,0.047,0.032,0.028,0.109,23.3,34.0,38.9,10.0,-213.0,-58.0,AAAA,2.2319994,9.018,16.091,792.2,3.7234514,1.7967134,-0.72379106,13.141633,0,0,1.7946967,-1.6823694,0.4767624,11.843119,0,1,1.4795357,-1.7245786,0.23894621,10.267314,1,1,1,1,0,4,26.283266067504883,220.75552088226468,38.01611288604713,0,999.9,298.085873449733,1.8828281367139756e-17,,,,,,False,,,,0.0,NO_SPECTRUM,False,False,2134.000301361084,False,99.0,99.0,99.0,,0.0,False,False,29.11339498906528,64.50932786337971,high,thick_disk,63.3,500,9.44164681500343,0.30076423,0.19249995,1.8670353618421052,1.5073001227063503,0.0060981275074934475,0.013761962913238748,True,False,-10.0,VARIABLE
J024626.34-024715.2,41.6097542,-2.7875736,12.402,9.989,6.295,4.339,0.024,0.021,0.015,0.021,46.1,52.8,72.0,50.9,-52.0,65.0,AAAA,2.413,6.295,12.402,2434.08,4.0986285,4.430016,1.4864049,20.427315,0,0,2.3833895,-5.56501,-2.60648,22.263384,0,1,2.081777,-5.454548,-3.1567597,20.755322,1,1,1,1,0,4,40.85462951660156,83.24061508662703,60.57107372131348,0,999.9,246.2492527210198,5.458057012803755e-16,,,,,,False,,,,0.0,NO_SPECTRUM,False,False,2043.4999465942385,False,99.0,99.0,99.0,,0.0,False,False,-53.27616406073259,176.39177156033642,moderate,halo,56.099999999999994,281,10.51582040796715,0.068047985,0.05821086,5.32474365234375,9.293687220982143,0.003757131438893945,0.003945313091705956,True,False,-10.0,VARIABLE
J140450.38-351222.1,211.2099247,-35.2061555,14.173,12.613,9.376,7.342,0.027,0.025,0.029,0.105,40.6,44.1,37.2,10.3,-26.0,10.0,AAAA,1.5600004,9.376,14.173,1790.46,2.3305361,1.4505054,0.4253429,9.59271,0,0,-0.3909348,-1.1719073,-1.1262892,1.3716797,0,0,-0.75639755,-1.2341887,-1.5265629,-0.45563403,1,1,1,1,0,4,19.1854190826416,27.85677655436824,25.17127137125931,0,999.9,238.07469115920767,3.787151571444406e-17,,,,,,False,,,,0.0,NO_SPECTRUM,False,False,2469.9997901916504,False,99.0,99.0,99.0,,0.0,False,False,25.29832922797635,319.4625860997004,low,thick_disk,55.599999999999994,302,10.447646834086243,0.15069145,0.12519157,3.05017312895816,2.342533960690926,0.004553164916631457,0.003981582587800613,True,False,-10.0,VARIABLE
J024744.48-380453.7,41.9353518,-38.0815941,13.354,11.747,8.708,6.441,0.024,0.021,0.025,0.053,44.6,51.6,44.1,20.4,15.0,-82.0,AAAA,1.6070004,8.708,13.354,2301.36,2.4279573,2.0965014,0.91603184,11.344655,0,0,-0.23807067,-2.124388,-1.8108045,3.9186811,0,0,-0.6000153,-2.1492164,-2.2804487,2.1089582,1,1,1,1,0,4,22.68931007385254,83.3606621854697,29.981656146733556,0,999.9,216.10492373306832,1.1690711771154098e-16,,,,,,False,,,,0.0,NO_SPECTRUM,False,False,2446.499824523926,False,99.0,99.0,99.0,,0.0,False,False,-63.31616881328819,244.52249382070588,moderate,halo,54.599999999999994,402,10.516885272580438,0.12851606,0.11273791,9.76052300888404,11.11378901379364,0.007034712260469278,0.007005023714509467,True,False,-10.0,VARIABLE
J235943.38+421431.2,359.9307595,42.2420022,14.242,12.396,8.995,6.627,0.027,0.024,0.026,0.066,39.6,45.6,41.3,16.4,24.0,13.0,AAAA,1.8459997,8.995,14.242,1805.76,2.9233537,1.8189555,0.38400322,11.882499,0,0,0.5392587,-1.7151641,-1.0686201,6.718208,0,1,0.19520412,-1.7560837,-1.4630494,4.997935,1,1,1,1,0,4,23.764997482299805,27.29468812791236,32.53903312686505,0,999.9,207.8573234732725,1.1176448529558532e-16,,,,,,False,,,,0.0,NO_SPECTRUM,False,False,2327.000141143799,False,99.0,99.0,99.0,,0.0,False,False,-19.61053157502488,112.80462845469526,low,thick_disk,54.599999999999994,339,10.51520830261466,0.21121442,0.20619819,4.4885127502080255,5.2695171649639425,-0.003053684349874073,-0.001670066468157983,True,False,-10.0,VARIABLE
J030339.16-070216.3,45.9131698,-7.0378789,13.77,11.737,8.082,6.104,0.024,0.021,0.019,0.044,44.5,52.7,56.1,24.7,-33.0,44.0,AAAA,2.033,8.082,13.77,2345.15,3.3109667,2.701881,0.66679287,14.652514,0,0,1.1474645,-3.0169826,-1.463114,11.807878,0,1,0.81740767,-3.0067127,-1.8975223,10.157594,1,1,1,1,0,4,29.30502891540528,55.0,41.22045367240906,0,999.9,243.80452310287333,1.1054407275739243e-16,,,,,,False,,,,0.0,NO_SPECTRUM,False,False,2233.5000038146973,False,99.0,99.0,99.0,,0.0,False,False,-52.76888184287337,186.40042262696275,moderate,halo,54.5,277,9.950858100314848,0.24811108,0.30232418,217.14569180253622,661.6930480072464,0.015417605842306144,0.019058115271182206,True,False,-10.0,VARIABLE
J023704.79-033303.5,39.2699834,-3.550993,14.826,12.895,8.944,6.812,0.032,0.025,0.025,0.06,34.3,42.7,44.2,18.0,25.0,11.0,AAAA,1.9309998,8.944,14.826,1464.61,3.0995412,1.8682753,0.03411003,12.135147,0,0,0.8157156,-1.7878828,-0.5805161,7.8492384,0,1,0.47802362,-1.8259431,-0.92547965,6.160779,1,1,1,1,0,4,24.270294189453125,27.31300056749533,33.643480834608155,0,999.9,227.8765301628112,7.042936449669176e-17,,,,,,False,,,,0.0,NO_SPECTRUM,False,False,2284.5001220703125,False,99.0,99.0,99.0,,0.0,False,False,-55.46823687490941,174.48289318134798,low,halo,54.3,312,10.517593217905535,0.17492574,,2.3692373784792,1.8743732538809668,0.007014425859094995,0.00537905194935315,True,False,-10.0,VARIABLE
J022141.12-132036.6,35.4213348,-13.3435196,15.094,13.223,9.093,7.109,0.032,0.028,0.028,0.095,34.0,39.1,38.6,11.4,4.0,27.0,AAAA,1.8710003,9.093,15.094,1329.4,2.9751747,1.7241832,-0.12645702,11.385342,0,0,0.6205714,-1.5754281,-0.35652366,6.424766,0,1,0.2783882,-1.6218425,-0.67878723,4.71385,1,1,1,1,0,4,22.77068328857422,27.29468812791236,31.291474341399688,0,999.9,242.82994475776357,4.4345146670810036e-17,,,,,,False,,,,0.0,NO_SPECTRUM,False,False,2314.499855041504,False,99.0,99.0,99.0,,0.0,False,False,-64.81280292299495,184.2401602806356,low,halo,54.0,302,10.528848128843256,0.23410562,,8.35589987458194,3.3671366373697915,0.012494134968045916,0.006009293778064567,True,False,-10.0,VARIABLE
